<?xml version="1.0" encoding="UTF-8"?><competition>
    <name>1e Klasse E</name>
    <contactname/>
    <contactemail/>
    <league>MLBB</league>
    <group/>
    <pointsystem>MATCHPOINTS</pointsystem>
    <tableformat>2,30m</tableformat>
    <discipline>Vrijspel (KB)</discipline>
    <nbrofplayers>3</nbrofplayers>
    <disciplineplayers/>
    <tspplayers/>
    <team>
        <name>AMICIA 2</name>
        <fixedplayers>1:2:3:</fixedplayers>
        <player>
            <order>2</order>
            <lic>2398</lic>
            <name>Vintges, Nico</name>
            <discipline>Vrijspel (KB)</discipline>
            <tsp>75</tsp>
        </player>
        <player>
            <order>3</order>
            <lic>3252</lic>
            <name>Wolfs, Werner</name>
            <discipline>Vrijspel (KB)</discipline>
            <tsp>65</tsp>
        </player>
        <player>
            <order>1</order>
            <lic>3182</lic>
            <name>Wolters, Jan</name>
            <discipline>Vrijspel (KB)</discipline>
            <tsp>85</tsp>
        </player>
    </team>
    <team>
        <name>BEEGDEN 2</name>
        <fixedplayers>1:2:3:</fixedplayers>
        <player>
            <order>1</order>
            <lic>1393</lic>
            <name>Inderhees, Jos</name>
            <discipline>Vrijspel (KB)</discipline>
            <tsp>85</tsp>
        </player>
        <player>
            <order>3</order>
            <lic>51</lic>
            <name>Adams, Tjeu</name>
            <discipline>Vrijspel (KB)</discipline>
            <tsp>70</tsp>
        </player>
        <player>
            <order>2</order>
            <lic>64</lic>
            <name>Theunissen, Gerard</name>
            <discipline>Vrijspel (KB)</discipline>
            <tsp>85</tsp>
        </player>
    </team>
    <team>
        <name>OUDE SMIDSE DE 2</name>
        <fixedplayers>1:2:3:</fixedplayers>
        <player>
            <order>2</order>
            <lic>1685</lic>
            <name>Notte, Jan</name>
            <discipline>Vrijspel (KB)</discipline>
            <tsp>75</tsp>
        </player>
        <player>
            <order>1</order>
            <lic>769</lic>
            <name>Raemakers, Erik</name>
            <discipline>Vrijspel (KB)</discipline>
            <tsp>75</tsp>
        </player>
        <player>
            <order>3</order>
            <lic>2681</lic>
            <name>Geel van, Peter</name>
            <discipline>Vrijspel (KB)</discipline>
            <tsp>65</tsp>
        </player>
    </team>
    <team>
        <name>SWALMEN 2</name>
        <fixedplayers>1:2:3:</fixedplayers>
        <player>
            <order>2</order>
            <lic>1149</lic>
            <name>Peeters, Jack</name>
            <discipline>Vrijspel (KB)</discipline>
            <tsp>60</tsp>
        </player>
        <player>
            <order>1</order>
            <lic>2691</lic>
            <name>Camp op de, Paul</name>
            <discipline>Vrijspel (KB)</discipline>
            <tsp>130</tsp>
        </player>
        <player>
            <order>3</order>
            <lic>1151</lic>
            <name>Perriens, Theo</name>
            <discipline>Vrijspel (KB)</discipline>
            <tsp>55</tsp>
        </player>
    </team>
    <team>
        <name>BUGGENUM 2</name>
        <fixedplayers>1:2:3:</fixedplayers>
        <player>
            <order>3</order>
            <lic>1921</lic>
            <name>Heynen, Pieter</name>
            <discipline>Vrijspel (KB)</discipline>
            <tsp>70</tsp>
        </player>
        <player>
            <order>2</order>
            <lic>642</lic>
            <name>Smits, Jac</name>
            <discipline>Vrijspel (KB)</discipline>
            <tsp>70</tsp>
        </player>
        <player>
            <order>1</order>
            <lic>636</lic>
            <name>Klaessen, Ton</name>
            <discipline>Vrijspel (KB)</discipline>
            <tsp>80</tsp>
        </player>
    </team>
    <team>
        <name>AVANTI 2</name>
        <fixedplayers>1:2:3:</fixedplayers>
        <player>
            <order>1</order>
            <lic>1226</lic>
            <name>Rens van, Joop</name>
            <discipline>Vrijspel (KB)</discipline>
            <tsp>80</tsp>
        </player>
        <player>
            <order>3</order>
            <lic>3611</lic>
            <name>Wal van der, John</name>
            <discipline>Vrijspel (KB)</discipline>
            <tsp>70</tsp>
        </player>
        <player>
            <order>2</order>
            <lic>2376</lic>
            <name>Stienen, Joey</name>
            <discipline>Vrijspel (KB)</discipline>
            <tsp>75</tsp>
        </player>
    </team>
    <team>
        <name>DDD 2</name>
        <fixedplayers>1:2:3:</fixedplayers>
        <player>
            <order>3</order>
            <lic>3673</lic>
            <name>Linssen, Ton</name>
            <discipline>Vrijspel (KB)</discipline>
            <tsp>60</tsp>
        </player>
        <player>
            <order>1</order>
            <lic>737</lic>
            <name>Vossen, Jan</name>
            <discipline>Vrijspel (KB)</discipline>
            <tsp>95</tsp>
        </player>
        <player>
            <order>2</order>
            <lic>2160</lic>
            <name>Schepers, Henk</name>
            <discipline>Vrijspel (KB)</discipline>
            <tsp>85</tsp>
        </player>
    </team>
    <team>
        <name>BLAAKVEN 'T 3</name>
        <fixedplayers>1:2:3:</fixedplayers>
        <player>
            <order>2</order>
            <lic>3531</lic>
            <name>Driessen, Harry</name>
            <discipline>Vrijspel (KB)</discipline>
            <tsp>70</tsp>
        </player>
        <player>
            <order>3</order>
            <lic>3851</lic>
            <name>Jong de, Ger</name>
            <discipline>Vrijspel (KB)</discipline>
            <tsp>65</tsp>
        </player>
        <player>
            <order>1</order>
            <lic>3921</lic>
            <name>Vliegenthart, Hennie</name>
            <discipline>Vrijspel (KB)</discipline>
            <tsp>85</tsp>
        </player>
    </team>
    <team>
        <name>DMB 2</name>
        <fixedplayers>1:2:3:</fixedplayers>
        <player>
            <order>3</order>
            <lic>198</lic>
            <name>Kanters, Jan</name>
            <discipline>Vrijspel (KB)</discipline>
            <tsp>65</tsp>
        </player>
        <player>
            <order>1</order>
            <lic>199</lic>
            <name>Kanters, Harrie</name>
            <discipline>Vrijspel (KB)</discipline>
            <tsp>100</tsp>
        </player>
        <player>
            <order>2</order>
            <lic>2142</lic>
            <name>Bouwens, Max</name>
            <discipline>Vrijspel (KB)</discipline>
            <tsp>65</tsp>
        </player>
    </team>
    <team>
        <name>ROERMOND/OVU 2</name>
        <fixedplayers>1:2:3:</fixedplayers>
        <player>
            <order>1</order>
            <lic>1015</lic>
            <name>Bruijn de, Anton</name>
            <discipline>Vrijspel (KB)</discipline>
            <tsp>105</tsp>
        </player>
        <player>
            <order>2</order>
            <lic>1057</lic>
            <name>Reijnen, Hub</name>
            <discipline>Vrijspel (KB)</discipline>
            <tsp>85</tsp>
        </player>
        <player>
            <order>3</order>
            <lic>2487</lic>
            <name>Niesten, Pierre</name>
            <discipline>Vrijspel (KB)</discipline>
            <tsp>65</tsp>
        </player>
    </team>
    <team>
        <name>ALLERHAND 1</name>
        <fixedplayers>1:2:3:</fixedplayers>
        <player>
            <order>2</order>
            <lic>1425</lic>
            <name>Hendrix, Cor</name>
            <discipline>Vrijspel (KB)</discipline>
            <tsp>75</tsp>
        </player>
        <player>
            <order>1</order>
            <lic>3598</lic>
            <name>Weeres, Leon</name>
            <discipline>Vrijspel (KB)</discipline>
            <tsp>90</tsp>
        </player>
        <player>
            <order>3</order>
            <lic>1428</lic>
            <name>Lomm van, Ger</name>
            <discipline>Vrijspel (KB)</discipline>
            <tsp>70</tsp>
        </player>
    </team>
    <team>
        <name>RAMONA 2</name>
        <fixedplayers>1:2:3:</fixedplayers>
        <player>
            <order>3</order>
            <lic>693</lic>
            <name>Beckers, Sjaak</name>
            <discipline>Vrijspel (KB)</discipline>
            <tsp>60</tsp>
        </player>
        <player>
            <order>2</order>
            <lic>996</lic>
            <name>Wouters, Jan</name>
            <discipline>Vrijspel (KB)</discipline>
            <tsp>70</tsp>
        </player>
        <player>
            <order>1</order>
            <lic>690</lic>
            <name>Baars, Henk</name>
            <discipline>Vrijspel (KB)</discipline>
            <tsp>95</tsp>
        </player>
    </team>
</competition>
