<?xml version="1.0" encoding="UTF-8"?><competition>
    <name>1e Klasse D</name>
    <contactname/>
    <contactemail/>
    <league>MLBB</league>
    <group/>
    <pointsystem>MATCHPOINTS</pointsystem>
    <tableformat>2,30m</tableformat>
    <discipline>Vrijspel (KB)</discipline>
    <nbrofplayers>3</nbrofplayers>
    <disciplineplayers/>
    <tspplayers/>
    <team>
        <name>CARAMBOLA 2</name>
        <fixedplayers>1:2:3:</fixedplayers>
        <player>
            <order>2</order>
            <lic>3108</lic>
            <name>Peters, Peter</name>
            <discipline>Vrijspel (KB)</discipline>
            <tsp>75</tsp>
        </player>
        <player>
            <order>3</order>
            <lic>2569</lic>
            <name>Roemen, Chrit</name>
            <discipline>Vrijspel (KB)</discipline>
            <tsp>70</tsp>
        </player>
        <player>
            <order>1</order>
            <lic>952</lic>
            <name>Snellen, Tjeu</name>
            <discipline>Vrijspel (KB)</discipline>
            <tsp>80</tsp>
        </player>
    </team>
    <team>
        <name>HOOK DEN 1</name>
        <fixedplayers>1:2:3:</fixedplayers>
        <player>
            <order>1</order>
            <lic>2352</lic>
            <name>Cillekens, Eed</name>
            <discipline>Vrijspel (KB)</discipline>
            <tsp>130</tsp>
        </player>
        <player>
            <order>2</order>
            <lic>2819</lic>
            <name>Kop van der, Albert</name>
            <discipline>Vrijspel (KB)</discipline>
            <tsp>80</tsp>
        </player>
        <player>
            <order>3</order>
            <lic>2706</lic>
            <name>Hendriks, Jan</name>
            <discipline>Vrijspel (KB)</discipline>
            <tsp>50</tsp>
        </player>
    </team>
    <team>
        <name>OUDE SMIDSE DE 1</name>
        <fixedplayers>1:2:3:</fixedplayers>
        <player>
            <order>1</order>
            <lic>2081</lic>
            <name>Kierkels, Geert</name>
            <discipline>Vrijspel (KB)</discipline>
            <tsp>75</tsp>
        </player>
        <player>
            <order>2</order>
            <lic>997</lic>
            <name>Nijsen, Jac</name>
            <discipline>Vrijspel (KB)</discipline>
            <tsp>65</tsp>
        </player>
        <player>
            <order>3</order>
            <lic>944</lic>
            <name>Kierkels, Hans</name>
            <discipline>Vrijspel (KB)</discipline>
            <tsp>65</tsp>
        </player>
    </team>
    <team>
        <name>STIFT 'T 3</name>
        <fixedplayers>1:2:3:</fixedplayers>
        <player>
            <order>3</order>
            <lic>1536</lic>
            <name>Gabriels, Bart</name>
            <discipline>Vrijspel (KB)</discipline>
            <tsp>50</tsp>
        </player>
        <player>
            <order>2</order>
            <lic>1500</lic>
            <name>Renet de, Pierre</name>
            <discipline>Vrijspel (KB)</discipline>
            <tsp>60</tsp>
        </player>
        <player>
            <order>1</order>
            <lic>467</lic>
            <name>Vorselen, Ton</name>
            <discipline>Vrijspel (KB)</discipline>
            <tsp>115</tsp>
        </player>
    </team>
    <team>
        <name>LIBERTIN 8</name>
        <fixedplayers>1:2:3:</fixedplayers>
        <player>
            <order>1</order>
            <lic>3003</lic>
            <name>Dierx, Paul</name>
            <discipline>Vrijspel (KB)</discipline>
            <tsp>100</tsp>
        </player>
        <player>
            <order>2</order>
            <lic>293</lic>
            <name>Bijlmakers, Harrie</name>
            <discipline>Vrijspel (KB)</discipline>
            <tsp>75</tsp>
        </player>
        <player>
            <order>3</order>
            <lic>3965</lic>
            <name>Lier van, Harrie</name>
            <discipline>Vrijspel (KB)</discipline>
            <tsp>55</tsp>
        </player>
    </team>
    <team>
        <name>EGCHEL 2</name>
        <fixedplayers>1:2:3:</fixedplayers>
        <player>
            <order>3</order>
            <lic>3892</lic>
            <name>Zelen, Pieter</name>
            <discipline>Vrijspel (KB)</discipline>
            <tsp>60</tsp>
        </player>
        <player>
            <order>1</order>
            <lic>749</lic>
            <name>Caris, Rob</name>
            <discipline>Vrijspel (KB)</discipline>
            <tsp>90</tsp>
        </player>
        <player>
            <order>2</order>
            <lic>3889</lic>
            <name>Verstappen, Peter</name>
            <discipline>Vrijspel (KB)</discipline>
            <tsp>70</tsp>
        </player>
    </team>
    <team>
        <name>DMB 1</name>
        <fixedplayers>1:2:3:</fixedplayers>
        <player>
            <order>3</order>
            <lic>3690</lic>
            <name>Coumans, Har</name>
            <discipline>Vrijspel (KB)</discipline>
            <tsp>65</tsp>
        </player>
        <player>
            <order>1</order>
            <lic>3265</lic>
            <name>Beckers, Ton</name>
            <discipline>Vrijspel (KB)</discipline>
            <tsp>90</tsp>
        </player>
        <player>
            <order>2</order>
            <lic>826</lic>
            <name>Herten van, Cleo</name>
            <discipline>Vrijspel (KB)</discipline>
            <tsp>75</tsp>
        </player>
    </team>
    <team>
        <name>EGCHEL 1</name>
        <fixedplayers>1:2:3:</fixedplayers>
        <player>
            <order>3</order>
            <lic>3883</lic>
            <name>Bos, Jos</name>
            <discipline>Vrijspel (KB)</discipline>
            <tsp>65</tsp>
        </player>
        <player>
            <order>2</order>
            <lic>3884</lic>
            <name>Bos, Peter</name>
            <discipline>Vrijspel (KB)</discipline>
            <tsp>80</tsp>
        </player>
        <player>
            <order>1</order>
            <lic>3888</lic>
            <name>Philipsen, Had</name>
            <discipline>Vrijspel (KB)</discipline>
            <tsp>105</tsp>
        </player>
    </team>
    <team>
        <name>AVANTI 1</name>
        <fixedplayers>1:2:3:</fixedplayers>
        <player>
            <order>2</order>
            <lic>37</lic>
            <name>Buitenhuis, Roy</name>
            <discipline>Vrijspel (KB)</discipline>
            <tsp>80</tsp>
        </player>
        <player>
            <order>3</order>
            <lic>3138</lic>
            <name>Huskens, Geert</name>
            <discipline>Vrijspel (KB)</discipline>
            <tsp>75</tsp>
        </player>
        <player>
            <order>1</order>
            <lic>1673</lic>
            <name>Sanden v.d., Jos</name>
            <discipline>Vrijspel (KB)</discipline>
            <tsp>85</tsp>
        </player>
    </team>
    <team>
        <name>DDD 1</name>
        <fixedplayers>1:2:3:</fixedplayers>
        <player>
            <order>3</order>
            <lic>313</lic>
            <name>Springer, Jeroen</name>
            <discipline>Vrijspel (KB)</discipline>
            <tsp>70</tsp>
        </player>
        <player>
            <order>2</order>
            <lic>2176</lic>
            <name>Slijpen, Wim</name>
            <discipline>Vrijspel (KB)</discipline>
            <tsp>80</tsp>
        </player>
        <player>
            <order>1</order>
            <lic>1329</lic>
            <name>Metsemakers, Geert</name>
            <discipline>Vrijspel (KB)</discipline>
            <tsp>90</tsp>
        </player>
    </team>
    <team>
        <name>AMICIA 1</name>
        <fixedplayers>1:2:3:</fixedplayers>
        <player>
            <order>2</order>
            <lic>3839</lic>
            <name>Heinen, Karl-Heinz</name>
            <discipline>Vrijspel (KB)</discipline>
            <tsp>70</tsp>
        </player>
        <player>
            <order>1</order>
            <lic>2562</lic>
            <name>Clermonts, Math</name>
            <discipline>Vrijspel (KB)</discipline>
            <tsp>120</tsp>
        </player>
        <player>
            <order>3</order>
            <lic>580</lic>
            <name>Swinkels, Henk</name>
            <discipline>Vrijspel (KB)</discipline>
            <tsp>55</tsp>
        </player>
    </team>
    <team>
        <name>WESSEM 1</name>
        <fixedplayers>1:2:3:</fixedplayers>
        <player>
            <order>1</order>
            <lic>1862</lic>
            <name>Smolenaars, Richard</name>
            <discipline>Vrijspel (KB)</discipline>
            <tsp>90</tsp>
        </player>
        <player>
            <order>3</order>
            <lic>1387</lic>
            <name>Smeets, Paul</name>
            <discipline>Vrijspel (KB)</discipline>
            <tsp>55</tsp>
        </player>
        <player>
            <order>2</order>
            <lic>1386</lic>
            <name>Roumen, Peter</name>
            <discipline>Vrijspel (KB)</discipline>
            <tsp>75</tsp>
        </player>
    </team>
</competition>
