<?xml version="1.0" encoding="UTF-8"?><competition>
    <name>1e Klasse C</name>
    <contactname/>
    <contactemail/>
    <league>MLBB</league>
    <group/>
    <pointsystem>MATCHPOINTS</pointsystem>
    <tableformat>2,30m</tableformat>
    <discipline>Vrijspel (KB)</discipline>
    <nbrofplayers>3</nbrofplayers>
    <disciplineplayers/>
    <tspplayers/>
    <team>
        <name>VRIENDENKRING 2</name>
        <fixedplayers>1:2:3:</fixedplayers>
        <player>
            <order>1</order>
            <lic>1910</lic>
            <name>Beijnsbergen, Jeu</name>
            <discipline>Vrijspel (KB)</discipline>
            <tsp>100</tsp>
        </player>
        <player>
            <order>2</order>
            <lic>221</lic>
            <name>Thielens, Freddy</name>
            <discipline>Vrijspel (KB)</discipline>
            <tsp>95</tsp>
        </player>
        <player>
            <order>3</order>
            <lic>212</lic>
            <name>Beek v.d., Sef</name>
            <discipline>Vrijspel (KB)</discipline>
            <tsp>50</tsp>
        </player>
    </team>
    <team>
        <name>STEVENSWEERT 2</name>
        <fixedplayers>1:2:3:</fixedplayers>
        <player>
            <order>2</order>
            <lic>3626</lic>
            <name>Beulen, Jeffrey</name>
            <discipline>Vrijspel (KB)</discipline>
            <tsp>90</tsp>
        </player>
        <player>
            <order>1</order>
            <lic>2238</lic>
            <name>Beulen, Rob</name>
            <discipline>Vrijspel (KB)</discipline>
            <tsp>105</tsp>
        </player>
        <player>
            <order>3</order>
            <lic>1929</lic>
            <name>Robinson, Humphrey</name>
            <discipline>Vrijspel (KB)</discipline>
            <tsp>80</tsp>
        </player>
    </team>
    <team>
        <name>SWALMEN 1</name>
        <fixedplayers>1:2:3:</fixedplayers>
        <player>
            <order>3</order>
            <lic>2436</lic>
            <name>Timmermans, Piet</name>
            <discipline>Vrijspel (KB)</discipline>
            <tsp>70</tsp>
        </player>
        <player>
            <order>2</order>
            <lic>3087</lic>
            <name>Buschman, Jan</name>
            <discipline>Vrijspel (KB)</discipline>
            <tsp>100</tsp>
        </player>
        <player>
            <order>1</order>
            <lic>1504</lic>
            <name>Clerx, Miel</name>
            <discipline>Vrijspel (KB)</discipline>
            <tsp>100</tsp>
        </player>
    </team>
    <team>
        <name>THORN 2</name>
        <fixedplayers>1:2:3:</fixedplayers>
        <player>
            <order>3</order>
            <lic>751</lic>
            <name>R�mkens, Dr�</name>
            <discipline>Vrijspel (KB)</discipline>
            <tsp>60</tsp>
        </player>
        <player>
            <order>2</order>
            <lic>1454</lic>
            <name>Roumen, Hans</name>
            <discipline>Vrijspel (KB)</discipline>
            <tsp>65</tsp>
        </player>
        <player>
            <order>1</order>
            <lic>3155</lic>
            <name>Basten, Ruud</name>
            <discipline>Vrijspel (KB)</discipline>
            <tsp>110</tsp>
        </player>
    </team>
    <team>
        <name>BIEJ STAMS 1</name>
        <fixedplayers>1:2:3:</fixedplayers>
        <player>
            <order>2</order>
            <lic>3719</lic>
            <name>Meuwissen, Jo</name>
            <discipline>Vrijspel (KB)</discipline>
            <tsp>70</tsp>
        </player>
        <player>
            <order>1</order>
            <lic>734</lic>
            <name>Ruiten, John</name>
            <discipline>Vrijspel (KB)</discipline>
            <tsp>75</tsp>
        </player>
        <player>
            <order>3</order>
            <lic>3637</lic>
            <name>Heijman, Paul</name>
            <discipline>Vrijspel (KB)</discipline>
            <tsp>70</tsp>
        </player>
    </team>
    <team>
        <name>STIFT 'T 2</name>
        <fixedplayers>1:2:3:</fixedplayers>
        <player>
            <order>2</order>
            <lic>980</lic>
            <name>Verdonkschot, Jos</name>
            <discipline>Vrijspel (KB)</discipline>
            <tsp>75</tsp>
        </player>
        <player>
            <order>3</order>
            <lic>1257</lic>
            <name>Geurts, Chretien</name>
            <discipline>Vrijspel (KB)</discipline>
            <tsp>60</tsp>
        </player>
        <player>
            <order>1</order>
            <lic>3866</lic>
            <name>Zwart, Bert</name>
            <discipline>Vrijspel (KB)</discipline>
            <tsp>145</tsp>
        </player>
    </team>
    <team>
        <name>JACHTHUIS 'T 1</name>
        <fixedplayers>1:2:3:</fixedplayers>
        <player>
            <order>3</order>
            <lic>1701</lic>
            <name>Soentjens, Geert</name>
            <discipline>Vrijspel (KB)</discipline>
            <tsp>55</tsp>
        </player>
        <player>
            <order>2</order>
            <lic>1696</lic>
            <name>Hilgers, Huib</name>
            <discipline>Vrijspel (KB)</discipline>
            <tsp>70</tsp>
        </player>
        <player>
            <order>1</order>
            <lic>1980</lic>
            <name>Hoogmans, Thijs</name>
            <discipline>Vrijspel (KB)</discipline>
            <tsp>75</tsp>
        </player>
    </team>
    <team>
        <name>KLUMPKE 'T 1</name>
        <fixedplayers>1:2:3:</fixedplayers>
        <player>
            <order>1</order>
            <lic>1744</lic>
            <name>Geerlings, Mat</name>
            <discipline>Vrijspel (KB)</discipline>
            <tsp>100</tsp>
        </player>
        <player>
            <order>2</order>
            <lic>510</lic>
            <name>Dingelstad, Louis</name>
            <discipline>Vrijspel (KB)</discipline>
            <tsp>75</tsp>
        </player>
        <player>
            <order>3</order>
            <lic>413</lic>
            <name>Weynen, Jos</name>
            <discipline>Vrijspel (KB)</discipline>
            <tsp>70</tsp>
        </player>
    </team>
    <team>
        <name>MONTFORT 2</name>
        <fixedplayers>1:2:3:</fixedplayers>
        <player>
            <order>3</order>
            <lic>721</lic>
            <name>Wolters, Piet</name>
            <discipline>Vrijspel (KB)</discipline>
            <tsp>60</tsp>
        </player>
        <player>
            <order>1</order>
            <lic>3099</lic>
            <name>Sieben, Harrie</name>
            <discipline>Vrijspel (KB)</discipline>
            <tsp>85</tsp>
        </player>
        <player>
            <order>2</order>
            <lic>716</lic>
            <name>Thissen, Wiel</name>
            <discipline>Vrijspel (KB)</discipline>
            <tsp>80</tsp>
        </player>
    </team>
    <team>
        <name>MEIJEL 1</name>
        <fixedplayers>1:2:3:</fixedplayers>
        <player>
            <order>2</order>
            <lic>1767</lic>
            <name>Driessen, Will</name>
            <discipline>Vrijspel (KB)</discipline>
            <tsp>85</tsp>
        </player>
        <player>
            <order>3</order>
            <lic>673</lic>
            <name>Doensen, Jo</name>
            <discipline>Vrijspel (KB)</discipline>
            <tsp>55</tsp>
        </player>
        <player>
            <order>1</order>
            <lic>676</lic>
            <name>Lansbergen, Henk</name>
            <discipline>Vrijspel (KB)</discipline>
            <tsp>100</tsp>
        </player>
    </team>
    <team>
        <name>VELDPOORT 2</name>
        <fixedplayers>1:2:3:</fixedplayers>
        <player>
            <order>2</order>
            <lic>1302</lic>
            <name>Tummers, Jo</name>
            <discipline>Vrijspel (KB)</discipline>
            <tsp>75</tsp>
        </player>
        <player>
            <order>1</order>
            <lic>1301</lic>
            <name>Theunissen, Piet</name>
            <discipline>Vrijspel (KB)</discipline>
            <tsp>95</tsp>
        </player>
        <player>
            <order>3</order>
            <lic>3760</lic>
            <name>Ackermans, Ricardo</name>
            <discipline>Vrijspel (KB)</discipline>
            <tsp>60</tsp>
        </player>
    </team>
    <team>
        <name>BLACK 1</name>
        <fixedplayers>1:2:3:</fixedplayers>
        <player>
            <order>1</order>
            <lic>2944</lic>
            <name>Stals, Harrie</name>
            <discipline>Vrijspel (KB)</discipline>
            <tsp>100</tsp>
        </player>
        <player>
            <order>2</order>
            <lic>3729</lic>
            <name>Schonkeren, Geer</name>
            <discipline>Vrijspel (KB)</discipline>
            <tsp>100</tsp>
        </player>
        <player>
            <order>3</order>
            <lic>609</lic>
            <name>Snijders, Jan</name>
            <discipline>Vrijspel (KB)</discipline>
            <tsp>75</tsp>
        </player>
    </team>
</competition>
