<?xml version="1.0" encoding="UTF-8"?><competition>
    <name>1e Klasse DB</name>
    <contactname/>
    <contactemail/>
    <league>MLBB</league>
    <group/>
    <pointsystem>MATCHPOINTS</pointsystem>
    <tableformat>2,30m</tableformat>
    <discipline>Drieband (KB)</discipline>
    <nbrofplayers>3</nbrofplayers>
    <disciplineplayers/>
    <tspplayers/>
    <team>
        <name>THORN A</name>
        <fixedplayers>1:2:3:</fixedplayers>
        <player>
            <order>3</order>
            <lic>751</lic>
            <name>R�mkens, Dr�</name>
            <discipline>Drieband (KB)</discipline>
            <tsp>20</tsp>
        </player>
        <player>
            <order>2</order>
            <lic>1454</lic>
            <name>Roumen, Hans</name>
            <discipline>Drieband (KB)</discipline>
            <tsp>22</tsp>
        </player>
        <player>
            <order>1</order>
            <lic>1186</lic>
            <name>Munnecom, Jan</name>
            <discipline>Drieband (KB)</discipline>
            <tsp>26</tsp>
        </player>
    </team>
    <team>
        <name>HOOK DEN A</name>
        <fixedplayers>1:2:3:</fixedplayers>
        <player>
            <order>2</order>
            <lic>348</lic>
            <name>Beckers, Har</name>
            <discipline>Drieband (KB)</discipline>
            <tsp>20</tsp>
        </player>
        <player>
            <order>3</order>
            <lic>3667</lic>
            <name>Hermans, Barry</name>
            <discipline>Drieband (KB)</discipline>
            <tsp>18</tsp>
        </player>
        <player>
            <order>1</order>
            <lic>360</lic>
            <name>Hoogmans, Jan</name>
            <discipline>Drieband (KB)</discipline>
            <tsp>22</tsp>
        </player>
    </team>
    <team>
        <name>TOP A</name>
        <fixedplayers>1:2:3:</fixedplayers>
        <player>
            <order>2</order>
            <lic>3428</lic>
            <name>Buckinx, Hay</name>
            <discipline>Drieband (KB)</discipline>
            <tsp>24</tsp>
        </player>
        <player>
            <order>3</order>
            <lic>2494</lic>
            <name>Lupinu, Salvatore</name>
            <discipline>Drieband (KB)</discipline>
            <tsp>22</tsp>
        </player>
        <player>
            <order>1</order>
            <lic>164</lic>
            <name>Coolen, Michel</name>
            <discipline>Drieband (KB)</discipline>
            <tsp>26</tsp>
        </player>
    </team>
    <team>
        <name>BIERMANSHUIS B</name>
        <fixedplayers>1:2:3:</fixedplayers>
        <player>
            <order>1</order>
            <lic>2416</lic>
            <name>Cranssen, Eric</name>
            <discipline>Drieband (KB)</discipline>
            <tsp>24</tsp>
        </player>
        <player>
            <order>3</order>
            <lic>326</lic>
            <name>Jansen, Huub</name>
            <discipline>Drieband (KB)</discipline>
            <tsp>18</tsp>
        </player>
        <player>
            <order>2</order>
            <lic>1859</lic>
            <name>Berg v.d., Martien</name>
            <discipline>Drieband (KB)</discipline>
            <tsp>24</tsp>
        </player>
    </team>
    <team>
        <name>LIBERTIN C</name>
        <fixedplayers>1:2:3:</fixedplayers>
        <player>
            <order>3</order>
            <lic>320</lic>
            <name>Wijnands, Frans</name>
            <discipline>Drieband (KB)</discipline>
            <tsp>20</tsp>
        </player>
        <player>
            <order>2</order>
            <lic>70</lic>
            <name>Heltzel, Frans</name>
            <discipline>Drieband (KB)</discipline>
            <tsp>22</tsp>
        </player>
        <player>
            <order>1</order>
            <lic>2251</lic>
            <name>Erdkamp, Peter</name>
            <discipline>Drieband (KB)</discipline>
            <tsp>24</tsp>
        </player>
    </team>
    <team>
        <name>BIERMANSHUIS A</name>
        <fixedplayers>1:2:3:</fixedplayers>
        <player>
            <order>3</order>
            <lic>1998</lic>
            <name>Leenen, Patrick</name>
            <discipline>Drieband (KB)</discipline>
            <tsp>22</tsp>
        </player>
        <player>
            <order>2</order>
            <lic>3143</lic>
            <name>Poeth, Roel</name>
            <discipline>Drieband (KB)</discipline>
            <tsp>24</tsp>
        </player>
        <player>
            <order>1</order>
            <lic>21</lic>
            <name>Leenen, Frans</name>
            <discipline>Drieband (KB)</discipline>
            <tsp>26</tsp>
        </player>
    </team>
    <team>
        <name>MEIJEL A</name>
        <fixedplayers>1:2:3:</fixedplayers>
        <player>
            <order>3</order>
            <lic>675</lic>
            <name>Kruijs v.d., Henk</name>
            <discipline>Drieband (KB)</discipline>
            <tsp>20</tsp>
        </player>
        <player>
            <order>1</order>
            <lic>874</lic>
            <name>Vissers, Joep</name>
            <discipline>Drieband (KB)</discipline>
            <tsp>26</tsp>
        </player>
        <player>
            <order>2</order>
            <lic>3058</lic>
            <name>Beuningen van, Toon</name>
            <discipline>Drieband (KB)</discipline>
            <tsp>22</tsp>
        </player>
    </team>
    <team>
        <name>ONA A</name>
        <fixedplayers>1:2:3:</fixedplayers>
        <player>
            <order>2</order>
            <lic>463</lic>
            <name>Smeets, Wim</name>
            <discipline>Drieband (KB)</discipline>
            <tsp>22</tsp>
        </player>
        <player>
            <order>1</order>
            <lic>295</lic>
            <name>Dierx, Ger</name>
            <discipline>Drieband (KB)</discipline>
            <tsp>24</tsp>
        </player>
        <player>
            <order>3</order>
            <lic>2901</lic>
            <name>Hansen, Tjeu</name>
            <discipline>Drieband (KB)</discipline>
            <tsp>22</tsp>
        </player>
    </team>
    <team>
        <name>MEIJEL B</name>
        <fixedplayers>1:2:3:</fixedplayers>
        <player>
            <order>1</order>
            <lic>2317</lic>
            <name>Hikspoors, Henk</name>
            <discipline>Drieband (KB)</discipline>
            <tsp>20</tsp>
        </player>
        <player>
            <order>2</order>
            <lic>3208</lic>
            <name>Lieshout van, Martijn</name>
            <discipline>Drieband (KB)</discipline>
            <tsp>20</tsp>
        </player>
        <player>
            <order>3</order>
            <lic>2196</lic>
            <name>Goossens, Eric</name>
            <discipline>Drieband (KB)</discipline>
            <tsp>18</tsp>
        </player>
    </team>
    <team>
        <name>OVS B</name>
        <fixedplayers>1:2:3:</fixedplayers>
        <player>
            <order>1</order>
            <lic>862</lic>
            <name>Pol van, Richard</name>
            <discipline>Drieband (KB)</discipline>
            <tsp>26</tsp>
        </player>
        <player>
            <order>2</order>
            <lic>778</lic>
            <name>Schuren, Ruud</name>
            <discipline>Drieband (KB)</discipline>
            <tsp>24</tsp>
        </player>
        <player>
            <order>3</order>
            <lic>878</lic>
            <name>Cloudt, Ot</name>
            <discipline>Drieband (KB)</discipline>
            <tsp>22</tsp>
        </player>
    </team>
    <team>
        <name>SIEM DE A</name>
        <fixedplayers>1:2:3:</fixedplayers>
        <player>
            <order>1</order>
            <lic>501</lic>
            <name>Nijssen, Ton</name>
            <discipline>Drieband (KB)</discipline>
            <tsp>26</tsp>
        </player>
        <player>
            <order>2</order>
            <lic>3101</lic>
            <name>Kurvers, Hai</name>
            <discipline>Drieband (KB)</discipline>
            <tsp>24</tsp>
        </player>
        <player>
            <order>3</order>
            <lic>437</lic>
            <name>Nijssen, Gerrit</name>
            <discipline>Drieband (KB)</discipline>
            <tsp>22</tsp>
        </player>
    </team>
</competition>
