<?xml version="1.0" encoding="UTF-8"?><competition>
    <name>1e Klasse B</name>
    <contactname/>
    <contactemail/>
    <league>MLBB</league>
    <group/>
    <pointsystem>MATCHPOINTS</pointsystem>
    <tableformat>2,30m</tableformat>
    <discipline>Vrijspel (KB)</discipline>
    <nbrofplayers>3</nbrofplayers>
    <disciplineplayers/>
    <tspplayers/>
    <team>
        <name>THORN 1</name>
        <fixedplayers>1:2:3:</fixedplayers>
        <player>
            <order>3</order>
            <lic>1200</lic>
            <name>Ramakers, Jan</name>
            <discipline>Vrijspel (KB)</discipline>
            <tsp>70</tsp>
        </player>
        <player>
            <order>1</order>
            <lic>1181</lic>
            <name>Aspers, Jan</name>
            <discipline>Vrijspel (KB)</discipline>
            <tsp>135</tsp>
        </player>
        <player>
            <order>2</order>
            <lic>1192</lic>
            <name>Keyerts, Geert</name>
            <discipline>Vrijspel (KB)</discipline>
            <tsp>90</tsp>
        </player>
    </team>
    <team>
        <name>VLEGELKE 'T 2</name>
        <fixedplayers>1:2:3:</fixedplayers>
        <player>
            <order>2</order>
            <lic>1796</lic>
            <name>Koppen, Math</name>
            <discipline>Vrijspel (KB)</discipline>
            <tsp>110</tsp>
        </player>
        <player>
            <order>3</order>
            <lic>2444</lic>
            <name>Stultjens, Jan</name>
            <discipline>Vrijspel (KB)</discipline>
            <tsp>65</tsp>
        </player>
        <player>
            <order>1</order>
            <lic>2255</lic>
            <name>Heijer den, Dick</name>
            <discipline>Vrijspel (KB)</discipline>
            <tsp>115</tsp>
        </player>
    </team>
    <team>
        <name>BIEJ DE VOGEL 1</name>
        <fixedplayers>1:2:3:</fixedplayers>
        <player>
            <order>2</order>
            <lic>3027</lic>
            <name>Noorbeek, Nico</name>
            <discipline>Vrijspel (KB)</discipline>
            <tsp>75</tsp>
        </player>
        <player>
            <order>1</order>
            <lic>710</lic>
            <name>Meuwissen, Har</name>
            <discipline>Vrijspel (KB)</discipline>
            <tsp>115</tsp>
        </player>
        <player>
            <order>3</order>
            <lic>2760</lic>
            <name>Kurstjens, Berr</name>
            <discipline>Vrijspel (KB)</discipline>
            <tsp>65</tsp>
        </player>
    </team>
    <team>
        <name>LIBERTIN 7</name>
        <fixedplayers>1:2:3:</fixedplayers>
        <player>
            <order>3</order>
            <lic>320</lic>
            <name>Wijnands, Frans</name>
            <discipline>Vrijspel (KB)</discipline>
            <tsp>60</tsp>
        </player>
        <player>
            <order>1</order>
            <lic>635</lic>
            <name>Mooren, Jan</name>
            <discipline>Vrijspel (KB)</discipline>
            <tsp>145</tsp>
        </player>
        <player>
            <order>2</order>
            <lic>2022</lic>
            <name>Hamers, Ren�</name>
            <discipline>Vrijspel (KB)</discipline>
            <tsp>85</tsp>
        </player>
    </team>
    <team>
        <name>VLEGELKE 'T 1</name>
        <fixedplayers>1:2:3:</fixedplayers>
        <player>
            <order>3</order>
            <lic>3904</lic>
            <name>Bogaart van den, Frans</name>
            <discipline>Vrijspel (KB)</discipline>
            <tsp>65</tsp>
        </player>
        <player>
            <order>2</order>
            <lic>139</lic>
            <name>Vossen, Jan</name>
            <discipline>Vrijspel (KB)</discipline>
            <tsp>95</tsp>
        </player>
        <player>
            <order>1</order>
            <lic>2330</lic>
            <name>Wijen, Well</name>
            <discipline>Vrijspel (KB)</discipline>
            <tsp>155</tsp>
        </player>
    </team>
    <team>
        <name>THOOREN DE 1</name>
        <fixedplayers>1:2:3:</fixedplayers>
        <player>
            <order>3</order>
            <lic>2459</lic>
            <name>Selder, Robert</name>
            <discipline>Vrijspel (KB)</discipline>
            <tsp>80</tsp>
        </player>
        <player>
            <order>1</order>
            <lic>3533</lic>
            <name>Janssens, Jan</name>
            <discipline>Vrijspel (KB)</discipline>
            <tsp>115</tsp>
        </player>
        <player>
            <order>2</order>
            <lic>2769</lic>
            <name>Meijer de, Rene</name>
            <discipline>Vrijspel (KB)</discipline>
            <tsp>85</tsp>
        </player>
    </team>
    <team>
        <name>BIERMANSHUIS 1</name>
        <fixedplayers>1:2:3:</fixedplayers>
        <player>
            <order>3</order>
            <lic>331</lic>
            <name>Roemen, Jac</name>
            <discipline>Vrijspel (KB)</discipline>
            <tsp>80</tsp>
        </player>
        <player>
            <order>1</order>
            <lic>335</lic>
            <name>Tellers, Jac</name>
            <discipline>Vrijspel (KB)</discipline>
            <tsp>125</tsp>
        </player>
        <player>
            <order>2</order>
            <lic>2184</lic>
            <name>Plaatsman, Jac</name>
            <discipline>Vrijspel (KB)</discipline>
            <tsp>100</tsp>
        </player>
    </team>
    <team>
        <name>HAAZE-HOOF 1</name>
        <fixedplayers>1:2:3:</fixedplayers>
        <player>
            <order>3</order>
            <lic>2472</lic>
            <name>Spitters, Henk</name>
            <discipline>Vrijspel (KB)</discipline>
            <tsp>65</tsp>
        </player>
        <player>
            <order>2</order>
            <lic>2859</lic>
            <name>Raemakers, Wiel</name>
            <discipline>Vrijspel (KB)</discipline>
            <tsp>85</tsp>
        </player>
        <player>
            <order>1</order>
            <lic>2549</lic>
            <name>Frenken, Bill</name>
            <discipline>Vrijspel (KB)</discipline>
            <tsp>135</tsp>
        </player>
    </team>
    <team>
        <name>PRAIRIE DE 1</name>
        <fixedplayers>1:2:3:</fixedplayers>
        <player>
            <order>1</order>
            <lic>244</lic>
            <name>Duisters, Albert</name>
            <discipline>Vrijspel (KB)</discipline>
            <tsp>130</tsp>
        </player>
        <player>
            <order>2</order>
            <lic>1621</lic>
            <name>Schreurs, Harry</name>
            <discipline>Vrijspel (KB)</discipline>
            <tsp>80</tsp>
        </player>
        <player>
            <order>3</order>
            <lic>1933</lic>
            <name>Briels, Dr�</name>
            <discipline>Vrijspel (KB)</discipline>
            <tsp>60</tsp>
        </player>
    </team>
    <team>
        <name>ROERMOND/OVU 1</name>
        <fixedplayers>1:2:3:</fixedplayers>
        <player>
            <order>2</order>
            <lic>1983</lic>
            <name>Voncken, Pierre</name>
            <discipline>Vrijspel (KB)</discipline>
            <tsp>85</tsp>
        </player>
        <player>
            <order>1</order>
            <lic>767</lic>
            <name>Smeets, Piet</name>
            <discipline>Vrijspel (KB)</discipline>
            <tsp>130</tsp>
        </player>
        <player>
            <order>3</order>
            <lic>1218</lic>
            <name>Manders, Jos</name>
            <discipline>Vrijspel (KB)</discipline>
            <tsp>70</tsp>
        </player>
    </team>
    <team>
        <name>JOPPE 4</name>
        <fixedplayers>1:2:3:</fixedplayers>
        <player>
            <order>3</order>
            <lic>433</lic>
            <name>Beijers, Jan</name>
            <discipline>Vrijspel (KB)</discipline>
            <tsp>80</tsp>
        </player>
        <player>
            <order>2</order>
            <lic>428</lic>
            <name>Heugten van, Jan</name>
            <discipline>Vrijspel (KB)</discipline>
            <tsp>95</tsp>
        </player>
        <player>
            <order>1</order>
            <lic>2707</lic>
            <name>Karis, Ger</name>
            <discipline>Vrijspel (KB)</discipline>
            <tsp>130</tsp>
        </player>
    </team>
    <team>
        <name>SIEM DE 3</name>
        <fixedplayers>1:2:3:</fixedplayers>
        <player>
            <order>2</order>
            <lic>870</lic>
            <name>Meulendijks, Wim</name>
            <discipline>Vrijspel (KB)</discipline>
            <tsp>75</tsp>
        </player>
        <player>
            <order>3</order>
            <lic>3059</lic>
            <name>Janssen, Huub</name>
            <discipline>Vrijspel (KB)</discipline>
            <tsp>70</tsp>
        </player>
        <player>
            <order>1</order>
            <lic>491</lic>
            <name>Leenders, Ad</name>
            <discipline>Vrijspel (KB)</discipline>
            <tsp>145</tsp>
        </player>
    </team>
</competition>
