<?xml version="1.0" encoding="UTF-8"?><competition>
    <name>1e Klasse A</name>
    <contactname/>
    <contactemail/>
    <league>MLBB</league>
    <group/>
    <pointsystem>MATCHPOINTS</pointsystem>
    <tableformat>2,30m</tableformat>
    <discipline>Vrijspel (KB)</discipline>
    <nbrofplayers>3</nbrofplayers>
    <disciplineplayers/>
    <tspplayers/>
    <team>
        <name>STEVENSWEERT 1</name>
        <fixedplayers>1:2:3:</fixedplayers>
        <player>
            <order>1</order>
            <lic>1346</lic>
            <name>Vos, Leon</name>
            <discipline>Vrijspel (KB)</discipline>
            <tsp>130</tsp>
        </player>
        <player>
            <order>2</order>
            <lic>1555</lic>
            <name>Brekel v.d., Werner</name>
            <discipline>Vrijspel (KB)</discipline>
            <tsp>90</tsp>
        </player>
        <player>
            <order>3</order>
            <lic>1100</lic>
            <name>Paal, Eddy</name>
            <discipline>Vrijspel (KB)</discipline>
            <tsp>70</tsp>
        </player>
    </team>
    <team>
        <name>LIBERTIN 6</name>
        <fixedplayers>1:2:3:</fixedplayers>
        <player>
            <order>3</order>
            <lic>3278</lic>
            <name>Marx, Roy</name>
            <discipline>Vrijspel (KB)</discipline>
            <tsp>80</tsp>
        </player>
        <player>
            <order>2</order>
            <lic>70</lic>
            <name>Heltzel, Frans</name>
            <discipline>Vrijspel (KB)</discipline>
            <tsp>90</tsp>
        </player>
        <player>
            <order>1</order>
            <lic>2251</lic>
            <name>Erdkamp, Peter</name>
            <discipline>Vrijspel (KB)</discipline>
            <tsp>150</tsp>
        </player>
    </team>
    <team>
        <name>TOP 1</name>
        <fixedplayers>1:2:3:</fixedplayers>
        <player>
            <order>3</order>
            <lic>3428</lic>
            <name>Buckinx, Hay</name>
            <discipline>Vrijspel (KB)</discipline>
            <tsp>65</tsp>
        </player>
        <player>
            <order>1</order>
            <lic>332</lic>
            <name>Seuren, Koos</name>
            <discipline>Vrijspel (KB)</discipline>
            <tsp>140</tsp>
        </player>
        <player>
            <order>2</order>
            <lic>2030</lic>
            <name>Slaats, Mart</name>
            <discipline>Vrijspel (KB)</discipline>
            <tsp>105</tsp>
        </player>
    </team>
    <team>
        <name>BEEGDEN 1</name>
        <fixedplayers>1:2:3:</fixedplayers>
        <player>
            <order>3</order>
            <lic>385</lic>
            <name>Smeets, Mart</name>
            <discipline>Vrijspel (KB)</discipline>
            <tsp>70</tsp>
        </player>
        <player>
            <order>1</order>
            <lic>62</lic>
            <name>Janssen, Will</name>
            <discipline>Vrijspel (KB)</discipline>
            <tsp>135</tsp>
        </player>
        <player>
            <order>2</order>
            <lic>1439</lic>
            <name>Piepers, Bert</name>
            <discipline>Vrijspel (KB)</discipline>
            <tsp>110</tsp>
        </player>
    </team>
    <team>
        <name>CRESCENDO 1</name>
        <fixedplayers>1:2:3:</fixedplayers>
        <player>
            <order>2</order>
            <lic>891</lic>
            <name>Linssen, Jos</name>
            <discipline>Vrijspel (KB)</discipline>
            <tsp>110</tsp>
        </player>
        <player>
            <order>1</order>
            <lic>3682</lic>
            <name>Buggenum van, Herman</name>
            <discipline>Vrijspel (KB)</discipline>
            <tsp>120</tsp>
        </player>
        <player>
            <order>3</order>
            <lic>3242</lic>
            <name>Aelmans, Harrie</name>
            <discipline>Vrijspel (KB)</discipline>
            <tsp>90</tsp>
        </player>
    </team>
    <team>
        <name>NUNHEM 2</name>
        <fixedplayers>1:2:3:</fixedplayers>
        <player>
            <order>2</order>
            <lic>379</lic>
            <name>Engelen, Ruud</name>
            <discipline>Vrijspel (KB)</discipline>
            <tsp>85</tsp>
        </player>
        <player>
            <order>1</order>
            <lic>3868</lic>
            <name>Welles, Wiel</name>
            <discipline>Vrijspel (KB)</discipline>
            <tsp>145</tsp>
        </player>
        <player>
            <order>3</order>
            <lic>285</lic>
            <name>Waeyen, Hans</name>
            <discipline>Vrijspel (KB)</discipline>
            <tsp>75</tsp>
        </player>
    </team>
    <team>
        <name>MAASOEVER DE 2</name>
        <fixedplayers>1:2:3:</fixedplayers>
        <player>
            <order>1</order>
            <lic>3939</lic>
            <name>Timmermans, John</name>
            <discipline>Vrijspel (KB)</discipline>
            <tsp>165</tsp>
        </player>
        <player>
            <order>2</order>
            <lic>3940</lic>
            <name>Kosar, Abbas</name>
            <discipline>Vrijspel (KB)</discipline>
            <tsp>105</tsp>
        </player>
        <player>
            <order>3</order>
            <lic>3941</lic>
            <name>Erp van, Cor</name>
            <discipline>Vrijspel (KB)</discipline>
            <tsp>65</tsp>
        </player>
    </team>
    <team>
        <name>JOPPE 2</name>
        <fixedplayers>1:2:3:</fixedplayers>
        <player>
            <order>1</order>
            <lic>2520</lic>
            <name>Tijssen, Frans</name>
            <discipline>Vrijspel (KB)</discipline>
            <tsp>145</tsp>
        </player>
        <player>
            <order>3</order>
            <lic>3397</lic>
            <name>Janssen, Mark</name>
            <discipline>Vrijspel (KB)</discipline>
            <tsp>80</tsp>
        </player>
        <player>
            <order>2</order>
            <lic>419</lic>
            <name>Ewalts, Ad</name>
            <discipline>Vrijspel (KB)</discipline>
            <tsp>125</tsp>
        </player>
    </team>
    <team>
        <name>JOPPE 3</name>
        <fixedplayers>1:2:3:</fixedplayers>
        <player>
            <order>2</order>
            <lic>3269</lic>
            <name>Gartsen, Krijn</name>
            <discipline>Vrijspel (KB)</discipline>
            <tsp>95</tsp>
        </player>
        <player>
            <order>3</order>
            <lic>874</lic>
            <name>Vissers, Joep</name>
            <discipline>Vrijspel (KB)</discipline>
            <tsp>85</tsp>
        </player>
        <player>
            <order>1</order>
            <lic>3560</lic>
            <name>Thijssen, Piet</name>
            <discipline>Vrijspel (KB)</discipline>
            <tsp>155</tsp>
        </player>
    </team>
    <team>
        <name>RAMONA 1</name>
        <fixedplayers>1:2:3:</fixedplayers>
        <player>
            <order>2</order>
            <lic>2911</lic>
            <name>Ketelaars, Chris</name>
            <discipline>Vrijspel (KB)</discipline>
            <tsp>100</tsp>
        </player>
        <player>
            <order>1</order>
            <lic>1157</lic>
            <name>Frencken, Pierre</name>
            <discipline>Vrijspel (KB)</discipline>
            <tsp>125</tsp>
        </player>
        <player>
            <order>3</order>
            <lic>3960</lic>
            <name>Frencken, Domien</name>
            <discipline>Vrijspel (KB)</discipline>
            <tsp>95</tsp>
        </player>
    </team>
    <team>
        <name>SIEM DE 2</name>
        <fixedplayers>1:2:3:</fixedplayers>
        <player>
            <order>2</order>
            <lic>2089</lic>
            <name>Kessels, Wim</name>
            <discipline>Vrijspel (KB)</discipline>
            <tsp>85</tsp>
        </player>
        <player>
            <order>3</order>
            <lic>3200</lic>
            <name>Graat, Had</name>
            <discipline>Vrijspel (KB)</discipline>
            <tsp>75</tsp>
        </player>
        <player>
            <order>1</order>
            <lic>1727</lic>
            <name>Geris, Wiel</name>
            <discipline>Vrijspel (KB)</discipline>
            <tsp>170</tsp>
        </player>
    </team>
    <team>
        <name>SIEM DE 1</name>
        <fixedplayers>1:2:3:</fixedplayers>
        <player>
            <order>2</order>
            <lic>3837</lic>
            <name>Hunnekens, Hans</name>
            <discipline>Vrijspel (KB)</discipline>
            <tsp>75</tsp>
        </player>
        <player>
            <order>3</order>
            <lic>3581</lic>
            <name>Janssen, Frans</name>
            <discipline>Vrijspel (KB)</discipline>
            <tsp>70</tsp>
        </player>
        <player>
            <order>1</order>
            <lic>3702</lic>
            <name>Rutten, Peter</name>
            <discipline>Vrijspel (KB)</discipline>
            <tsp>190</tsp>
        </player>
    </team>
</competition>
