<?xml version="1.0" encoding="UTF-8"?><competition>
    <name>3e Klasse C</name>
    <contactname/>
    <contactemail/>
    <league>MLBB</league>
    <group/>
    <pointsystem>MATCHPOINTS</pointsystem>
    <tableformat>2,30m</tableformat>
    <discipline>Vrijspel (KB)</discipline>
    <nbrofplayers>3</nbrofplayers>
    <disciplineplayers/>
    <tspplayers/>
    <team>
        <name>NOOIT GEDACHT 1</name>
        <fixedplayers>1:2:3:4:</fixedplayers>
        <player>
            <order>4</order>
            <lic>3909</lic>
            <name>Wolters, Paul</name>
            <discipline>Vrijspel (KB)</discipline>
            <tsp>40</tsp>
        </player>
        <player>
            <order>3</order>
            <lic>2968</lic>
            <name>Brentjens, Cor</name>
            <discipline>Vrijspel (KB)</discipline>
            <tsp>45</tsp>
        </player>
        <player>
            <order>1</order>
            <lic>1856</lic>
            <name>Hompes, Gerard</name>
            <discipline>Vrijspel (KB)</discipline>
            <tsp>55</tsp>
        </player>
        <player>
            <order>2</order>
            <lic>76</lic>
            <name>Spreeuwenberg, Mart</name>
            <discipline>Vrijspel (KB)</discipline>
            <tsp>45</tsp>
        </player>
    </team>
    <team>
        <name>AMICIA 5</name>
        <fixedplayers>1:2:3:4:</fixedplayers>
        <player>
            <order>3</order>
            <lic>3704</lic>
            <name>Houben, Lander</name>
            <discipline>Vrijspel (KB)</discipline>
            <tsp>45</tsp>
        </player>
        <player>
            <order>2</order>
            <lic>3705</lic>
            <name>Schreurs, Rick</name>
            <discipline>Vrijspel (KB)</discipline>
            <tsp>55</tsp>
        </player>
        <player>
            <order>1</order>
            <lic>3707</lic>
            <name>Wolfhagen, Randy</name>
            <discipline>Vrijspel (KB)</discipline>
            <tsp>55</tsp>
        </player>
        <player>
            <order>4</order>
            <lic>1213</lic>
            <name>Hilkens, Peter</name>
            <discipline>Vrijspel (KB)</discipline>
            <tsp>45</tsp>
        </player>
    </team>
    <team>
        <name>KAROT 3</name>
        <fixedplayers>1:2:3:4:</fixedplayers>
        <player>
            <order>1</order>
            <lic>476</lic>
            <name>Noldes, Karel</name>
            <discipline>Vrijspel (KB)</discipline>
            <tsp>55</tsp>
        </player>
        <player>
            <order>4</order>
            <lic>3304</lic>
            <name>Bessems, Louis</name>
            <discipline>Vrijspel (KB)</discipline>
            <tsp>45</tsp>
        </player>
        <player>
            <order>2</order>
            <lic>3120</lic>
            <name>Subasi, Ibrahim</name>
            <discipline>Vrijspel (KB)</discipline>
            <tsp>45</tsp>
        </player>
        <player>
            <order>3</order>
            <lic>483</lic>
            <name>Vluggen, Lei</name>
            <discipline>Vrijspel (KB)</discipline>
            <tsp>45</tsp>
        </player>
    </team>
    <team>
        <name>SWALMEN 3</name>
        <fixedplayers>1:2:3:4:</fixedplayers>
        <player>
            <order>1</order>
            <lic>1124</lic>
            <name>Claassen, Theo</name>
            <discipline>Vrijspel (KB)</discipline>
            <tsp>60</tsp>
        </player>
        <player>
            <order>3</order>
            <lic>1145</lic>
            <name>Meuter, Theo</name>
            <discipline>Vrijspel (KB)</discipline>
            <tsp>45</tsp>
        </player>
        <player>
            <order>2</order>
            <lic>1131</lic>
            <name>Bonten, Thijs</name>
            <discipline>Vrijspel (KB)</discipline>
            <tsp>50</tsp>
        </player>
        <player>
            <order>4</order>
            <lic>2692</lic>
            <name>Janssen, Peter</name>
            <discipline>Vrijspel (KB)</discipline>
            <tsp>45</tsp>
        </player>
    </team>
    <team>
        <name>THOOREN DE 2</name>
        <fixedplayers>1:2:3:4:</fixedplayers>
        <player>
            <order>1</order>
            <lic>3860</lic>
            <name>Gilis, Ruud</name>
            <discipline>Vrijspel (KB)</discipline>
            <tsp>55</tsp>
        </player>
        <player>
            <order>2</order>
            <lic>238</lic>
            <name>Vogels, Ton</name>
            <discipline>Vrijspel (KB)</discipline>
            <tsp>50</tsp>
        </player>
        <player>
            <order>4</order>
            <lic>3156</lic>
            <name>Schaefer, Bas</name>
            <discipline>Vrijspel (KB)</discipline>
            <tsp>45</tsp>
        </player>
        <player>
            <order>3</order>
            <lic>3961</lic>
            <name>Port van de, Patrick</name>
            <discipline>Vrijspel (KB)</discipline>
            <tsp>50</tsp>
        </player>
    </team>
    <team>
        <name>SPORT DE 1</name>
        <fixedplayers>1:2:3:4:</fixedplayers>
        <player>
            <order>4</order>
            <lic>1316</lic>
            <name>Boom v.d., Mathieu</name>
            <discipline>Vrijspel (KB)</discipline>
            <tsp>40</tsp>
        </player>
        <player>
            <order>2</order>
            <lic>822</lic>
            <name>Jeurninck, Cor</name>
            <discipline>Vrijspel (KB)</discipline>
            <tsp>50</tsp>
        </player>
        <player>
            <order>1</order>
            <lic>838</lic>
            <name>Hermans, Jorge</name>
            <discipline>Vrijspel (KB)</discipline>
            <tsp>65</tsp>
        </player>
        <player>
            <order>3</order>
            <lic>849</lic>
            <name>Schrurs, Harry</name>
            <discipline>Vrijspel (KB)</discipline>
            <tsp>40</tsp>
        </player>
    </team>
    <team>
        <name>AAD REMUNJ 2</name>
        <fixedplayers>1:2:3:4:</fixedplayers>
        <player>
            <order>2</order>
            <lic>3771</lic>
            <name>Schmitz, Carlo</name>
            <discipline>Vrijspel (KB)</discipline>
            <tsp>55</tsp>
        </player>
        <player>
            <order>1</order>
            <lic>3656</lic>
            <name>Burhenne, Nico</name>
            <discipline>Vrijspel (KB)</discipline>
            <tsp>60</tsp>
        </player>
        <player>
            <order>4</order>
            <lic>3163</lic>
            <name>Mulders-Buys, Annelies</name>
            <discipline>Vrijspel (KB)</discipline>
            <tsp>33</tsp>
        </player>
        <player>
            <order>3</order>
            <lic>3261</lic>
            <name>Cuypers, Stephan</name>
            <discipline>Vrijspel (KB)</discipline>
            <tsp>45</tsp>
        </player>
    </team>
    <team>
        <name>LOT 2</name>
        <fixedplayers>1:2:3:4:</fixedplayers>
        <player>
            <order>1</order>
            <lic>1775</lic>
            <name>Schreurs, Eric</name>
            <discipline>Vrijspel (KB)</discipline>
            <tsp>50</tsp>
        </player>
        <player>
            <order>4</order>
            <lic>3709</lic>
            <name>Smeets, Ton</name>
            <discipline>Vrijspel (KB)</discipline>
            <tsp>45</tsp>
        </player>
        <player>
            <order>2</order>
            <lic>3679</lic>
            <name>Schreurs, Peter</name>
            <discipline>Vrijspel (KB)</discipline>
            <tsp>50</tsp>
        </player>
        <player>
            <order>3</order>
            <lic>2749</lic>
            <name>Smeets, Frank</name>
            <discipline>Vrijspel (KB)</discipline>
            <tsp>50</tsp>
        </player>
    </team>
    <team>
        <name>LIBERTIN 9</name>
        <fixedplayers>1:2:3:4:</fixedplayers>
        <player>
            <order>4</order>
            <lic>3604</lic>
            <name>Habraken, Eric</name>
            <discipline>Vrijspel (KB)</discipline>
            <tsp>45</tsp>
        </player>
        <player>
            <order>3</order>
            <lic>3017</lic>
            <name>Schoenmakers, Johan</name>
            <discipline>Vrijspel (KB)</discipline>
            <tsp>45</tsp>
        </player>
        <player>
            <order>1</order>
            <lic>3606</lic>
            <name>Stoffels, Arno</name>
            <discipline>Vrijspel (KB)</discipline>
            <tsp>55</tsp>
        </player>
        <player>
            <order>2</order>
            <lic>3605</lic>
            <name>Koopmans, Sjoerd</name>
            <discipline>Vrijspel (KB)</discipline>
            <tsp>45</tsp>
        </player>
    </team>
    <team>
        <name>JOPPE 5</name>
        <fixedplayers>1:2:3:4:</fixedplayers>
        <player>
            <order>1</order>
            <lic>422</lic>
            <name>Ewalts, Johan</name>
            <discipline>Vrijspel (KB)</discipline>
            <tsp>55</tsp>
        </player>
        <player>
            <order>4</order>
            <lic>3434</lic>
            <name>Beerens, Christian</name>
            <discipline>Vrijspel (KB)</discipline>
            <tsp>45</tsp>
        </player>
        <player>
            <order>3</order>
            <lic>3776</lic>
            <name>Lemmens, Math</name>
            <discipline>Vrijspel (KB)</discipline>
            <tsp>45</tsp>
        </player>
        <player>
            <order>2</order>
            <lic>3843</lic>
            <name>Strijbos, John</name>
            <discipline>Vrijspel (KB)</discipline>
            <tsp>50</tsp>
        </player>
    </team>
    <team>
        <name>DMB 3</name>
        <fixedplayers>1:2:3:4:</fixedplayers>
        <player>
            <order>2</order>
            <lic>3046</lic>
            <name>Metsemakers, John</name>
            <discipline>Vrijspel (KB)</discipline>
            <tsp>45</tsp>
        </player>
        <player>
            <order>1</order>
            <lic>3831</lic>
            <name>Suntjens, Andr�</name>
            <discipline>Vrijspel (KB)</discipline>
            <tsp>55</tsp>
        </player>
        <player>
            <order>3</order>
            <lic>3580</lic>
            <name>Houben, Koen</name>
            <discipline>Vrijspel (KB)</discipline>
            <tsp>45</tsp>
        </player>
        <player>
            <order>4</order>
            <lic>197</lic>
            <name>Kanters, Hub</name>
            <discipline>Vrijspel (KB)</discipline>
            <tsp>40</tsp>
        </player>
    </team>
</competition>
