<?xml version="1.0" encoding="UTF-8"?><competition>
    <name>3e Klasse D</name>
    <contactname/>
    <contactemail/>
    <league>MLBB</league>
    <group/>
    <pointsystem>MATCHPOINTS</pointsystem>
    <tableformat>2,30m</tableformat>
    <discipline>Vrijspel (KB)</discipline>
    <nbrofplayers>3</nbrofplayers>
    <disciplineplayers/>
    <tspplayers/>
    <team>
        <name>ANEKERK-MOFERT 3</name>
        <fixedplayers>1:2:3:4:</fixedplayers>
        <player>
            <order>3</order>
            <lic>3871</lic>
            <name>Clout, Erik</name>
            <discipline>Vrijspel (KB)</discipline>
            <tsp>40</tsp>
        </player>
        <player>
            <order>2</order>
            <lic>3872</lic>
            <name>Hermans, Bart</name>
            <discipline>Vrijspel (KB)</discipline>
            <tsp>40</tsp>
        </player>
        <player>
            <order>1</order>
            <lic>3873</lic>
            <name>Jeurissen, Ed</name>
            <discipline>Vrijspel (KB)</discipline>
            <tsp>65</tsp>
        </player>
        <player>
            <order>4</order>
            <lic>3876</lic>
            <name>Spelthan, Jos</name>
            <discipline>Vrijspel (KB)</discipline>
            <tsp>40</tsp>
        </player>
    </team>
    <team>
        <name>RAMONA 5</name>
        <fixedplayers>1:2:3:4:</fixedplayers>
        <player>
            <order>3</order>
            <lic>2306</lic>
            <name>Wouters, Toos</name>
            <discipline>Vrijspel (KB)</discipline>
            <tsp>45</tsp>
        </player>
        <player>
            <order>4</order>
            <lic>3803</lic>
            <name>Munnichs, Huub</name>
            <discipline>Vrijspel (KB)</discipline>
            <tsp>40</tsp>
        </player>
        <player>
            <order>1</order>
            <lic>2853</lic>
            <name>Kempkens, Johan</name>
            <discipline>Vrijspel (KB)</discipline>
            <tsp>50</tsp>
        </player>
        <player>
            <order>2</order>
            <lic>2970</lic>
            <name>Krutzen, Jean</name>
            <discipline>Vrijspel (KB)</discipline>
            <tsp>50</tsp>
        </player>
    </team>
    <team>
        <name>HOOK DEN 3</name>
        <fixedplayers>1:2:3:4:</fixedplayers>
        <player>
            <order>4</order>
            <lic>3918</lic>
            <name>Kop van der, Jos</name>
            <discipline>Vrijspel (KB)</discipline>
            <tsp>40</tsp>
        </player>
        <player>
            <order>1</order>
            <lic>2351</lic>
            <name>Verkoulen, Jac</name>
            <discipline>Vrijspel (KB)</discipline>
            <tsp>55</tsp>
        </player>
        <player>
            <order>2</order>
            <lic>3665</lic>
            <name>Loo van der, Jeroen</name>
            <discipline>Vrijspel (KB)</discipline>
            <tsp>45</tsp>
        </player>
        <player>
            <order>3</order>
            <lic>2086</lic>
            <name>Boersen, Piet</name>
            <discipline>Vrijspel (KB)</discipline>
            <tsp>40</tsp>
        </player>
    </team>
    <team>
        <name>SIEM DE 5</name>
        <fixedplayers>1:2:3:4:</fixedplayers>
        <player>
            <order>2</order>
            <lic>3781</lic>
            <name>Kessels, Paul</name>
            <discipline>Vrijspel (KB)</discipline>
            <tsp>45</tsp>
        </player>
        <player>
            <order>1</order>
            <lic>3863</lic>
            <name>Hunnekens, Ronald</name>
            <discipline>Vrijspel (KB)</discipline>
            <tsp>50</tsp>
        </player>
        <player>
            <order>3</order>
            <lic>3897</lic>
            <name>Snijders, Pe</name>
            <discipline>Vrijspel (KB)</discipline>
            <tsp>45</tsp>
        </player>
        <player>
            <order>4</order>
            <lic>3634</lic>
            <name>Gommans, Mart</name>
            <discipline>Vrijspel (KB)</discipline>
            <tsp>40</tsp>
        </player>
    </team>
    <team>
        <name>KOT 3</name>
        <fixedplayers>1:2:3:4:</fixedplayers>
        <player>
            <order>1</order>
            <lic>167</lic>
            <name>Dieterich, Joop</name>
            <discipline>Vrijspel (KB)</discipline>
            <tsp>60</tsp>
        </player>
        <player>
            <order>2</order>
            <lic>1058</lic>
            <name>Linssen, Victor</name>
            <discipline>Vrijspel (KB)</discipline>
            <tsp>50</tsp>
        </player>
        <player>
            <order>3</order>
            <lic>1508</lic>
            <name>Geene, Paul</name>
            <discipline>Vrijspel (KB)</discipline>
            <tsp>45</tsp>
        </player>
        <player>
            <order>4</order>
            <lic>3040</lic>
            <name>Schaefer, Sef</name>
            <discipline>Vrijspel (KB)</discipline>
            <tsp>35</tsp>
        </player>
    </team>
    <team>
        <name>DDD 4</name>
        <fixedplayers>1:2:3:4:</fixedplayers>
        <player>
            <order>1</order>
            <lic>830</lic>
            <name>Theunissen, Rob</name>
            <discipline>Vrijspel (KB)</discipline>
            <tsp>50</tsp>
        </player>
        <player>
            <order>2</order>
            <lic>3211</lic>
            <name>Hannen, Frank</name>
            <discipline>Vrijspel (KB)</discipline>
            <tsp>50</tsp>
        </player>
        <player>
            <order>3</order>
            <lic>3210</lic>
            <name>Dungen van de, Erwin</name>
            <discipline>Vrijspel (KB)</discipline>
            <tsp>50</tsp>
        </player>
        <player>
            <order>4</order>
            <lic>3298</lic>
            <name>Doorn, van Stefan</name>
            <discipline>Vrijspel (KB)</discipline>
            <tsp>45</tsp>
        </player>
    </team>
    <team>
        <name>BREER DE 3</name>
        <fixedplayers>1:2:3:4:</fixedplayers>
        <player>
            <order>2</order>
            <lic>2489</lic>
            <name>Nass, Frans</name>
            <discipline>Vrijspel (KB)</discipline>
            <tsp>45</tsp>
        </player>
        <player>
            <order>1</order>
            <lic>3563</lic>
            <name>Schaefer, Mart</name>
            <discipline>Vrijspel (KB)</discipline>
            <tsp>50</tsp>
        </player>
        <player>
            <order>3</order>
            <lic>3493</lic>
            <name>Burhenne, Don</name>
            <discipline>Vrijspel (KB)</discipline>
            <tsp>45</tsp>
        </player>
        <player>
            <order>4</order>
            <lic>2382</lic>
            <name>Masolijn, Piet</name>
            <discipline>Vrijspel (KB)</discipline>
            <tsp>40</tsp>
        </player>
    </team>
    <team>
        <name>BIERMANSHUIS 4</name>
        <fixedplayers>1:2:3:4:</fixedplayers>
        <player>
            <order>3</order>
            <lic>3164</lic>
            <name>Bonselaar, Carol</name>
            <discipline>Vrijspel (KB)</discipline>
            <tsp>45</tsp>
        </player>
        <player>
            <order>1</order>
            <lic>3689</lic>
            <name>Molenaar, Kees</name>
            <discipline>Vrijspel (KB)</discipline>
            <tsp>50</tsp>
        </player>
        <player>
            <order>2</order>
            <lic>3196</lic>
            <name>Brabander de, Hans</name>
            <discipline>Vrijspel (KB)</discipline>
            <tsp>45</tsp>
        </player>
        <player>
            <order>4</order>
            <lic>2418</lic>
            <name>Cox, Hans</name>
            <discipline>Vrijspel (KB)</discipline>
            <tsp>33</tsp>
        </player>
    </team>
    <team>
        <name>TOUCHE 1</name>
        <fixedplayers>1:2:3:4:</fixedplayers>
        <player>
            <order>4</order>
            <lic>2768</lic>
            <name>Schnock, Hans</name>
            <discipline>Vrijspel (KB)</discipline>
            <tsp>45</tsp>
        </player>
        <player>
            <order>1</order>
            <lic>2744</lic>
            <name>Tienen van, Ria</name>
            <discipline>Vrijspel (KB)</discipline>
            <tsp>55</tsp>
        </player>
        <player>
            <order>3</order>
            <lic>954</lic>
            <name>Willems, Piet</name>
            <discipline>Vrijspel (KB)</discipline>
            <tsp>50</tsp>
        </player>
        <player>
            <order>2</order>
            <lic>407</lic>
            <name>Reulen, Mart</name>
            <discipline>Vrijspel (KB)</discipline>
            <tsp>50</tsp>
        </player>
    </team>
    <team>
        <name>AVANTI 5</name>
        <fixedplayers>1:2:3:4:</fixedplayers>
        <player>
            <order>4</order>
            <lic>2457</lic>
            <name>Schaefer, Wiel</name>
            <discipline>Vrijspel (KB)</discipline>
            <tsp>40</tsp>
        </player>
        <player>
            <order>1</order>
            <lic>3039</lic>
            <name>Stienen, Thei</name>
            <discipline>Vrijspel (KB)</discipline>
            <tsp>50</tsp>
        </player>
        <player>
            <order>3</order>
            <lic>3576</lic>
            <name>Mackenschins, Mark</name>
            <discipline>Vrijspel (KB)</discipline>
            <tsp>45</tsp>
        </player>
        <player>
            <order>2</order>
            <lic>1703</lic>
            <name>Hodzelmans, Peter-Paul</name>
            <discipline>Vrijspel (KB)</discipline>
            <tsp>50</tsp>
        </player>
    </team>
    <team>
        <name>TOP 5</name>
        <fixedplayers>1:2:3:4:</fixedplayers>
        <player>
            <order>1</order>
            <lic>2269</lic>
            <name>Nott�, Wim</name>
            <discipline>Vrijspel (KB)</discipline>
            <tsp>50</tsp>
        </player>
        <player>
            <order>2</order>
            <lic>436</lic>
            <name>Hattum van, Frans</name>
            <discipline>Vrijspel (KB)</discipline>
            <tsp>45</tsp>
        </player>
        <player>
            <order>3</order>
            <lic>1529</lic>
            <name>IJsermans, Wiel</name>
            <discipline>Vrijspel (KB)</discipline>
            <tsp>45</tsp>
        </player>
        <player>
            <order>4</order>
            <lic>1219</lic>
            <name>Slangen, Jan</name>
            <discipline>Vrijspel (KB)</discipline>
            <tsp>45</tsp>
        </player>
    </team>
</competition>
