<?xml version="1.0" encoding="UTF-8"?><competition>
    <name>4e Klasse C</name>
    <contactname/>
    <contactemail/>
    <league>MLBB</league>
    <group/>
    <pointsystem>MATCHPOINTS</pointsystem>
    <tableformat>2,30m</tableformat>
    <discipline>Vrijspel (KB)</discipline>
    <nbrofplayers>3</nbrofplayers>
    <disciplineplayers/>
    <tspplayers/>
    <team>
        <name>DOORSTOTERS 1</name>
        <fixedplayers>1:2:3:4:</fixedplayers>
        <player>
            <order>2</order>
            <lic>1459</lic>
            <name>Creemers, Roger</name>
            <discipline>Vrijspel (KB)</discipline>
            <tsp>45</tsp>
        </player>
        <player>
            <order>3</order>
            <lic>2369</lic>
            <name>Broen, Jan</name>
            <discipline>Vrijspel (KB)</discipline>
            <tsp>33</tsp>
        </player>
        <player>
            <order>1</order>
            <lic>825</lic>
            <name>Heemels, Herman</name>
            <discipline>Vrijspel (KB)</discipline>
            <tsp>45</tsp>
        </player>
        <player>
            <order>4</order>
            <lic>3284</lic>
            <name>Rijk de, Jos</name>
            <discipline>Vrijspel (KB)</discipline>
            <tsp>31</tsp>
        </player>
    </team>
    <team>
        <name>SWALMEN 4</name>
        <fixedplayers>1:2:3:4:</fixedplayers>
        <player>
            <order>3</order>
            <lic>2795</lic>
            <name>Claassen, Els</name>
            <discipline>Vrijspel (KB)</discipline>
            <tsp>25</tsp>
        </player>
        <player>
            <order>2</order>
            <lic>3420</lic>
            <name>Jordan, Lucienne</name>
            <discipline>Vrijspel (KB)</discipline>
            <tsp>25</tsp>
        </player>
        <player>
            <order>1</order>
            <lic>391</lic>
            <name>Heymann, Theo</name>
            <discipline>Vrijspel (KB)</discipline>
            <tsp>45</tsp>
        </player>
        <player>
            <order>4</order>
            <lic>2923</lic>
            <name>Meuter, Peter</name>
            <discipline>Vrijspel (KB)</discipline>
            <tsp>21</tsp>
        </player>
    </team>
    <team>
        <name>THORN 4</name>
        <fixedplayers>1:2:3:4:</fixedplayers>
        <player>
            <order>3</order>
            <lic>1142</lic>
            <name>Coolen, Tinus</name>
            <discipline>Vrijspel (KB)</discipline>
            <tsp>31</tsp>
        </player>
        <player>
            <order>4</order>
            <lic>2814</lic>
            <name>Wassenberg, Vivian</name>
            <discipline>Vrijspel (KB)</discipline>
            <tsp>25</tsp>
        </player>
        <player>
            <order>1</order>
            <lic>1191</lic>
            <name>Keyerts, Jan</name>
            <discipline>Vrijspel (KB)</discipline>
            <tsp>45</tsp>
        </player>
        <player>
            <order>2</order>
            <lic>2703</lic>
            <name>Keyerts, Petra</name>
            <discipline>Vrijspel (KB)</discipline>
            <tsp>40</tsp>
        </player>
    </team>
    <team>
        <name>AAD REMUNJ 3</name>
        <fixedplayers>1:2:3:4:</fixedplayers>
        <player>
            <order>2</order>
            <lic>3749</lic>
            <name>Schmitz, Piet</name>
            <discipline>Vrijspel (KB)</discipline>
            <tsp>45</tsp>
        </player>
        <player>
            <order>1</order>
            <lic>3577</lic>
            <name>Wassenberg, Theo</name>
            <discipline>Vrijspel (KB)</discipline>
            <tsp>50</tsp>
        </player>
        <player>
            <order>4</order>
            <lic>3001</lic>
            <name>Zalm van der, Jo</name>
            <discipline>Vrijspel (KB)</discipline>
            <tsp>35</tsp>
        </player>
        <player>
            <order>3</order>
            <lic>3000</lic>
            <name>Rotten van de, Joep</name>
            <discipline>Vrijspel (KB)</discipline>
            <tsp>40</tsp>
        </player>
    </team>
    <team>
        <name>AMICIA 6</name>
        <fixedplayers>1:2:3:4:</fixedplayers>
        <player>
            <order>3</order>
            <lic>1896</lic>
            <name>Manders, Hans</name>
            <discipline>Vrijspel (KB)</discipline>
            <tsp>45</tsp>
        </player>
        <player>
            <order>1</order>
            <lic>3564</lic>
            <name>Haren van, Ger</name>
            <discipline>Vrijspel (KB)</discipline>
            <tsp>50</tsp>
        </player>
        <player>
            <order>2</order>
            <lic>1760</lic>
            <name>Koelen, Daan</name>
            <discipline>Vrijspel (KB)</discipline>
            <tsp>45</tsp>
        </player>
        <player>
            <order>4</order>
            <lic>2420</lic>
            <name>Dongen van, Piet</name>
            <discipline>Vrijspel (KB)</discipline>
            <tsp>33</tsp>
        </player>
    </team>
    <team>
        <name>BIEJ STAMS 2</name>
        <fixedplayers>1:2:3:4:</fixedplayers>
        <player>
            <order>3</order>
            <lic>2059</lic>
            <name>Rievers, Willemien</name>
            <discipline>Vrijspel (KB)</discipline>
            <tsp>40</tsp>
        </player>
        <player>
            <order>1</order>
            <lic>3466</lic>
            <name>Vrijenhoef, Leo</name>
            <discipline>Vrijspel (KB)</discipline>
            <tsp>50</tsp>
        </player>
        <player>
            <order>2</order>
            <lic>3820</lic>
            <name>Stams, Paul</name>
            <discipline>Vrijspel (KB)</discipline>
            <tsp>50</tsp>
        </player>
        <player>
            <order>4</order>
            <lic>3821</lic>
            <name>Stoffels, Piet</name>
            <discipline>Vrijspel (KB)</discipline>
            <tsp>40</tsp>
        </player>
    </team>
    <team>
        <name>STIFT 'T 5</name>
        <fixedplayers>1:2:3:4:</fixedplayers>
        <player>
            <order>4</order>
            <lic>1822</lic>
            <name>Craemers, Wim</name>
            <discipline>Vrijspel (KB)</discipline>
            <tsp>31</tsp>
        </player>
        <player>
            <order>2</order>
            <lic>3811</lic>
            <name>Craemers, Jim</name>
            <discipline>Vrijspel (KB)</discipline>
            <tsp>40</tsp>
        </player>
        <player>
            <order>3</order>
            <lic>2704</lic>
            <name>Verdonkschot, Fred</name>
            <discipline>Vrijspel (KB)</discipline>
            <tsp>33</tsp>
        </player>
        <player>
            <order>1</order>
            <lic>3912</lic>
            <name>Stals, Tinus</name>
            <discipline>Vrijspel (KB)</discipline>
            <tsp>45</tsp>
        </player>
    </team>
    <team>
        <name>MONTFORT 4</name>
        <fixedplayers>1:2:3:4:</fixedplayers>
        <player>
            <order>1</order>
            <lic>3858</lic>
            <name>Ophoven van, Hans</name>
            <discipline>Vrijspel (KB)</discipline>
            <tsp>50</tsp>
        </player>
        <player>
            <order>4</order>
            <lic>3206</lic>
            <name>Hendrikx, Harald</name>
            <discipline>Vrijspel (KB)</discipline>
            <tsp>40</tsp>
        </player>
        <player>
            <order>3</order>
            <lic>3764</lic>
            <name>Heuts, John</name>
            <discipline>Vrijspel (KB)</discipline>
            <tsp>40</tsp>
        </player>
        <player>
            <order>2</order>
            <lic>2967</lic>
            <name>Mans, Jan</name>
            <discipline>Vrijspel (KB)</discipline>
            <tsp>45</tsp>
        </player>
    </team>
    <team>
        <name>BREER DE 5</name>
        <fixedplayers>1:2:3:4:</fixedplayers>
        <player>
            <order>4</order>
            <lic>2975</lic>
            <name>Looyen, Leo</name>
            <discipline>Vrijspel (KB)</discipline>
            <tsp>33</tsp>
        </player>
        <player>
            <order>1</order>
            <lic>3444</lic>
            <name>Ketelaars, Har</name>
            <discipline>Vrijspel (KB)</discipline>
            <tsp>45</tsp>
        </player>
        <player>
            <order>2</order>
            <lic>3064</lic>
            <name>Balendonck, Jo</name>
            <discipline>Vrijspel (KB)</discipline>
            <tsp>40</tsp>
        </player>
        <player>
            <order>3</order>
            <lic>3063</lic>
            <name>Simons, Frans</name>
            <discipline>Vrijspel (KB)</discipline>
            <tsp>35</tsp>
        </player>
    </team>
    <team>
        <name>JOPPE 6</name>
        <fixedplayers>1:2:3:4:</fixedplayers>
        <player>
            <order>2</order>
            <lic>434</lic>
            <name>Martens, Ton</name>
            <discipline>Vrijspel (KB)</discipline>
            <tsp>45</tsp>
        </player>
        <player>
            <order>3</order>
            <lic>424</lic>
            <name>Dijk van, Had</name>
            <discipline>Vrijspel (KB)</discipline>
            <tsp>45</tsp>
        </player>
        <player>
            <order>4</order>
            <lic>1981</lic>
            <name>Strijbos, Frans</name>
            <discipline>Vrijspel (KB)</discipline>
            <tsp>35</tsp>
        </player>
        <player>
            <order>1</order>
            <lic>2956</lic>
            <name>Trines, Wim</name>
            <discipline>Vrijspel (KB)</discipline>
            <tsp>45</tsp>
        </player>
    </team>
    <team>
        <name>MEIJEL 3</name>
        <fixedplayers>1:2:3:4:</fixedplayers>
        <player>
            <order>1</order>
            <lic>2317</lic>
            <name>Hikspoors, Henk</name>
            <discipline>Vrijspel (KB)</discipline>
            <tsp>50</tsp>
        </player>
        <player>
            <order>4</order>
            <lic>2197</lic>
            <name>Janssen, Willie</name>
            <discipline>Vrijspel (KB)</discipline>
            <tsp>40</tsp>
        </player>
        <player>
            <order>2</order>
            <lic>2196</lic>
            <name>Goossens, Eric</name>
            <discipline>Vrijspel (KB)</discipline>
            <tsp>45</tsp>
        </player>
        <player>
            <order>3</order>
            <lic>946</lic>
            <name>Slaats, Leo</name>
            <discipline>Vrijspel (KB)</discipline>
            <tsp>40</tsp>
        </player>
    </team>
</competition>
