<?xml version="1.0" encoding="UTF-8"?><competition>
    <name>4e Klasse B</name>
    <contactname/>
    <contactemail/>
    <league>MLBB</league>
    <group/>
    <pointsystem>MATCHPOINTS</pointsystem>
    <tableformat>2,30m</tableformat>
    <discipline>Vrijspel (KB)</discipline>
    <nbrofplayers>3</nbrofplayers>
    <disciplineplayers/>
    <tspplayers/>
    <team>
        <name>ANY TYME 1</name>
        <fixedplayers>1:2:3:4:</fixedplayers>
        <player>
            <order>1</order>
            <lic>3348</lic>
            <name>Pouwelsen, Michel</name>
            <discipline>Vrijspel (KB)</discipline>
            <tsp>50</tsp>
        </player>
        <player>
            <order>3</order>
            <lic>2941</lic>
            <name>Peeters, Herman</name>
            <discipline>Vrijspel (KB)</discipline>
            <tsp>40</tsp>
        </player>
        <player>
            <order>4</order>
            <lic>3018</lic>
            <name>Meulen, Peter</name>
            <discipline>Vrijspel (KB)</discipline>
            <tsp>35</tsp>
        </player>
        <player>
            <order>2</order>
            <lic>2939</lic>
            <name>Renett de, Jos</name>
            <discipline>Vrijspel (KB)</discipline>
            <tsp>45</tsp>
        </player>
    </team>
    <team>
        <name>NOOIT GEDACHT 2</name>
        <fixedplayers>1:2:3:4:</fixedplayers>
        <player>
            <order>1</order>
            <lic>3253</lic>
            <name>Hut, Martin</name>
            <discipline>Vrijspel (KB)</discipline>
            <tsp>45</tsp>
        </player>
        <player>
            <order>2</order>
            <lic>3844</lic>
            <name>Kempen van, Nick</name>
            <discipline>Vrijspel (KB)</discipline>
            <tsp>40</tsp>
        </player>
        <player>
            <order>3</order>
            <lic>3932</lic>
            <name>Roeper de, Antoon</name>
            <discipline>Vrijspel (KB)</discipline>
            <tsp>40</tsp>
        </player>
        <player>
            <order>4</order>
            <lic>3846</lic>
            <name>Meuwissen, Roy</name>
            <discipline>Vrijspel (KB)</discipline>
            <tsp>25</tsp>
        </player>
    </team>
    <team>
        <name>STER DE 2</name>
        <fixedplayers>1:2:3:4:</fixedplayers>
        <player>
            <order>4</order>
            <lic>1089</lic>
            <name>Zegers, Theo</name>
            <discipline>Vrijspel (KB)</discipline>
            <tsp>45</tsp>
        </player>
        <player>
            <order>3</order>
            <lic>1088</lic>
            <name>Wolf de, Theo</name>
            <discipline>Vrijspel (KB)</discipline>
            <tsp>45</tsp>
        </player>
        <player>
            <order>2</order>
            <lic>1075</lic>
            <name>Broens, John</name>
            <discipline>Vrijspel (KB)</discipline>
            <tsp>45</tsp>
        </player>
        <player>
            <order>1</order>
            <lic>1074</lic>
            <name>Bremmers, Guus</name>
            <discipline>Vrijspel (KB)</discipline>
            <tsp>45</tsp>
        </player>
    </team>
    <team>
        <name>DDD 5</name>
        <fixedplayers>1:2:3:4:</fixedplayers>
        <player>
            <order>4</order>
            <lic>3825</lic>
            <name>Wijnands, Roel</name>
            <discipline>Vrijspel (KB)</discipline>
            <tsp>40</tsp>
        </player>
        <player>
            <order>1</order>
            <lic>2986</lic>
            <name>Helwegen, Arthur</name>
            <discipline>Vrijspel (KB)</discipline>
            <tsp>55</tsp>
        </player>
        <player>
            <order>2</order>
            <lic>625</lic>
            <name>Kroos, Wilbert</name>
            <discipline>Vrijspel (KB)</discipline>
            <tsp>45</tsp>
        </player>
        <player>
            <order>3</order>
            <lic>3824</lic>
            <name>Hannen, Henk</name>
            <discipline>Vrijspel (KB)</discipline>
            <tsp>40</tsp>
        </player>
    </team>
    <team>
        <name>SPORT DE 3</name>
        <fixedplayers>1:2:3:4:</fixedplayers>
        <player>
            <order>2</order>
            <lic>243</lic>
            <name>Brunenberg, Thei</name>
            <discipline>Vrijspel (KB)</discipline>
            <tsp>45</tsp>
        </player>
        <player>
            <order>4</order>
            <lic>383</lic>
            <name>Kirkels, Thijs</name>
            <discipline>Vrijspel (KB)</discipline>
            <tsp>40</tsp>
        </player>
        <player>
            <order>1</order>
            <lic>1537</lic>
            <name>Ogier, Sjaak</name>
            <discipline>Vrijspel (KB)</discipline>
            <tsp>45</tsp>
        </player>
        <player>
            <order>3</order>
            <lic>3659</lic>
            <name>Briels, Johan</name>
            <discipline>Vrijspel (KB)</discipline>
            <tsp>45</tsp>
        </player>
    </team>
    <team>
        <name>BREER DE 4</name>
        <fixedplayers>1:2:3:4:</fixedplayers>
        <player>
            <order>3</order>
            <lic>2801</lic>
            <name>Lemaire, Richard</name>
            <discipline>Vrijspel (KB)</discipline>
            <tsp>40</tsp>
        </player>
        <player>
            <order>2</order>
            <lic>3325</lic>
            <name>Balendonck, Bert</name>
            <discipline>Vrijspel (KB)</discipline>
            <tsp>45</tsp>
        </player>
        <player>
            <order>1</order>
            <lic>1452</lic>
            <name>Selder, Wally</name>
            <discipline>Vrijspel (KB)</discipline>
            <tsp>55</tsp>
        </player>
        <player>
            <order>4</order>
            <lic>3923</lic>
            <name>Beek van de, Bryan</name>
            <discipline>Vrijspel (KB)</discipline>
            <tsp>40</tsp>
        </player>
    </team>
    <team>
        <name>GRAAF DE 2</name>
        <fixedplayers>1:2:3:4:</fixedplayers>
        <player>
            <order>4</order>
            <lic>3716</lic>
            <name>Kunder de, Ronald</name>
            <discipline>Vrijspel (KB)</discipline>
            <tsp>45</tsp>
        </player>
        <player>
            <order>2</order>
            <lic>1563</lic>
            <name>Crijnen, Rob</name>
            <discipline>Vrijspel (KB)</discipline>
            <tsp>45</tsp>
        </player>
        <player>
            <order>3</order>
            <lic>2782</lic>
            <name>Knoops, Henk</name>
            <discipline>Vrijspel (KB)</discipline>
            <tsp>45</tsp>
        </player>
        <player>
            <order>1</order>
            <lic>1714</lic>
            <name>Kunder de, Han</name>
            <discipline>Vrijspel (KB)</discipline>
            <tsp>50</tsp>
        </player>
    </team>
    <team>
        <name>BOEKOEL 5</name>
        <fixedplayers>1:2:3:4:</fixedplayers>
        <player>
            <order>2</order>
            <lic>2236</lic>
            <name>Thissen, Louis</name>
            <discipline>Vrijspel (KB)</discipline>
            <tsp>45</tsp>
        </player>
        <player>
            <order>1</order>
            <lic>1891</lic>
            <name>Damen, Leon</name>
            <discipline>Vrijspel (KB)</discipline>
            <tsp>50</tsp>
        </player>
        <player>
            <order>3</order>
            <lic>3840</lic>
            <name>Walstock, Twan</name>
            <discipline>Vrijspel (KB)</discipline>
            <tsp>33</tsp>
        </player>
        <player>
            <order>4</order>
            <lic>85</lic>
            <name>F�sers, Jan</name>
            <discipline>Vrijspel (KB)</discipline>
            <tsp>25</tsp>
        </player>
    </team>
    <team>
        <name>OVS 1</name>
        <fixedplayers>1:2:3:4:</fixedplayers>
        <player>
            <order>2</order>
            <lic>896</lic>
            <name>Daamen, Wim</name>
            <discipline>Vrijspel (KB)</discipline>
            <tsp>40</tsp>
        </player>
        <player>
            <order>3</order>
            <lic>3400</lic>
            <name>Herk van, Sjaak</name>
            <discipline>Vrijspel (KB)</discipline>
            <tsp>40</tsp>
        </player>
        <player>
            <order>1</order>
            <lic>3074</lic>
            <name>Broen, Ren�</name>
            <discipline>Vrijspel (KB)</discipline>
            <tsp>45</tsp>
        </player>
        <player>
            <order>4</order>
            <lic>3911</lic>
            <name>Heijnen, Huub</name>
            <discipline>Vrijspel (KB)</discipline>
            <tsp>29</tsp>
        </player>
    </team>
    <team>
        <name>TRAM DE 5</name>
        <fixedplayers>1:2:3:4:</fixedplayers>
        <player>
            <order>1</order>
            <lic>3670</lic>
            <name>Adams, Kenny</name>
            <discipline>Vrijspel (KB)</discipline>
            <tsp>50</tsp>
        </player>
        <player>
            <order>3</order>
            <lic>3353</lic>
            <name>Kierkels, Danny</name>
            <discipline>Vrijspel (KB)</discipline>
            <tsp>35</tsp>
        </player>
        <player>
            <order>2</order>
            <lic>3352</lic>
            <name>Baeten, Jan</name>
            <discipline>Vrijspel (KB)</discipline>
            <tsp>45</tsp>
        </player>
        <player>
            <order>4</order>
            <lic>3786</lic>
            <name>Bouwels, Djarno</name>
            <discipline>Vrijspel (KB)</discipline>
            <tsp>33</tsp>
        </player>
    </team>
    <team>
        <name>VELDPOORT 3</name>
        <fixedplayers>1:2:3:4:</fixedplayers>
        <player>
            <order>1</order>
            <lic>2486</lic>
            <name>Ferneoeboen, Chris</name>
            <discipline>Vrijspel (KB)</discipline>
            <tsp>50</tsp>
        </player>
        <player>
            <order>2</order>
            <lic>3850</lic>
            <name>Weiss, Frans</name>
            <discipline>Vrijspel (KB)</discipline>
            <tsp>45</tsp>
        </player>
        <player>
            <order>3</order>
            <lic>3630</lic>
            <name>Giesen, Cle</name>
            <discipline>Vrijspel (KB)</discipline>
            <tsp>45</tsp>
        </player>
        <player>
            <order>4</order>
            <lic>3789</lic>
            <name>Heijnen, Perry</name>
            <discipline>Vrijspel (KB)</discipline>
            <tsp>29</tsp>
        </player>
    </team>
</competition>
