<?xml version="1.0" encoding="UTF-8"?><competition>
    <name>5e Klasse C</name>
    <contactname/>
    <contactemail/>
    <league>MLBB</league>
    <group/>
    <pointsystem>MATCHPOINTS</pointsystem>
    <tableformat>2,30m</tableformat>
    <discipline>Vrijspel (KB)</discipline>
    <nbrofplayers>3</nbrofplayers>
    <disciplineplayers/>
    <tspplayers/>
    <team>
        <name>KOT 6</name>
        <fixedplayers>1:2:3:4:</fixedplayers>
        <player>
            <order>1</order>
            <lic>552</lic>
            <name>Cox, Jim</name>
            <discipline>Vrijspel (KB)</discipline>
            <tsp>50</tsp>
        </player>
        <player>
            <order>3</order>
            <lic>3926</lic>
            <name>Schuman, Pierre</name>
            <discipline>Vrijspel (KB)</discipline>
            <tsp>40</tsp>
        </player>
        <player>
            <order>4</order>
            <lic>3030</lic>
            <name>Melick van, Hans</name>
            <discipline>Vrijspel (KB)</discipline>
            <tsp>25</tsp>
        </player>
        <player>
            <order>2</order>
            <lic>3418</lic>
            <name>Gageldonk van, Geert</name>
            <discipline>Vrijspel (KB)</discipline>
            <tsp>45</tsp>
        </player>
    </team>
    <team>
        <name>PARADIES 'T 5</name>
        <fixedplayers>1:2:3:4:</fixedplayers>
        <player>
            <order>4</order>
            <lic>3572</lic>
            <name>Beek van de, Harrie</name>
            <discipline>Vrijspel (KB)</discipline>
            <tsp>50</tsp>
        </player>
        <player>
            <order>1</order>
            <lic>3699</lic>
            <name>Kuypers, Math</name>
            <discipline>Vrijspel (KB)</discipline>
            <tsp>60</tsp>
        </player>
        <player>
            <order>2</order>
            <lic>3656</lic>
            <name>Burhenne, Nico</name>
            <discipline>Vrijspel (KB)</discipline>
            <tsp>60</tsp>
        </player>
        <player>
            <order>3</order>
            <lic>3801</lic>
            <name>Binee, Hans</name>
            <discipline>Vrijspel (KB)</discipline>
            <tsp>50</tsp>
        </player>
    </team>
    <team>
        <name>KOT 5</name>
        <fixedplayers>1:2:3:4:</fixedplayers>
        <player>
            <order>2</order>
            <lic>2300</lic>
            <name>Arntz, Jos</name>
            <discipline>Vrijspel (KB)</discipline>
            <tsp>50</tsp>
        </player>
        <player>
            <order>3</order>
            <lic>238</lic>
            <name>Vogels, Ton</name>
            <discipline>Vrijspel (KB)</discipline>
            <tsp>50</tsp>
        </player>
        <player>
            <order>1</order>
            <lic>1086</lic>
            <name>Opbroek, Piet</name>
            <discipline>Vrijspel (KB)</discipline>
            <tsp>55</tsp>
        </player>
        <player>
            <order>4</order>
            <lic>2581</lic>
            <name>Spooremakers, Ger</name>
            <discipline>Vrijspel (KB)</discipline>
            <tsp>45</tsp>
        </player>
    </team>
    <team>
        <name>ODILIA 4</name>
        <fixedplayers>1:2:3:4:</fixedplayers>
        <player>
            <order>4</order>
            <lic>3827</lic>
            <name>Dick, Rolf</name>
            <discipline>Vrijspel (KB)</discipline>
            <tsp>40</tsp>
        </player>
        <player>
            <order>3</order>
            <lic>787</lic>
            <name>Stoks, Jo</name>
            <discipline>Vrijspel (KB)</discipline>
            <tsp>45</tsp>
        </player>
        <player>
            <order>2</order>
            <lic>2288</lic>
            <name>Bouweriks, Herman</name>
            <discipline>Vrijspel (KB)</discipline>
            <tsp>45</tsp>
        </player>
        <player>
            <order>1</order>
            <lic>3023</lic>
            <name>Demarteau, Huub</name>
            <discipline>Vrijspel (KB)</discipline>
            <tsp>50</tsp>
        </player>
    </team>
    <team>
        <name>ODILIA 3</name>
        <fixedplayers>1:2:3:4:</fixedplayers>
        <player>
            <order>1</order>
            <lic>2999</lic>
            <name>Zeelen, Jo</name>
            <discipline>Vrijspel (KB)</discipline>
            <tsp>60</tsp>
        </player>
        <player>
            <order>2</order>
            <lic>2750</lic>
            <name>Kessels, Ton</name>
            <discipline>Vrijspel (KB)</discipline>
            <tsp>50</tsp>
        </player>
        <player>
            <order>4</order>
            <lic>843</lic>
            <name>Verkooyen, John</name>
            <discipline>Vrijspel (KB)</discipline>
            <tsp>40</tsp>
        </player>
        <player>
            <order>3</order>
            <lic>3835</lic>
            <name>Peters, Geert</name>
            <discipline>Vrijspel (KB)</discipline>
            <tsp>45</tsp>
        </player>
    </team>
    <team>
        <name>ABC 5</name>
        <fixedplayers>1:2:3:4:</fixedplayers>
        <player>
            <order>3</order>
            <lic>13</lic>
            <name>Schmitz, Jeu</name>
            <discipline>Vrijspel (KB)</discipline>
            <tsp>40</tsp>
        </player>
        <player>
            <order>4</order>
            <lic>2312</lic>
            <name>Geurts, Laurens</name>
            <discipline>Vrijspel (KB)</discipline>
            <tsp>31</tsp>
        </player>
        <player>
            <order>1</order>
            <lic>7</lic>
            <name>Clercx, Peter</name>
            <discipline>Vrijspel (KB)</discipline>
            <tsp>50</tsp>
        </player>
        <player>
            <order>2</order>
            <lic>1089</lic>
            <name>Zegers, Theo</name>
            <discipline>Vrijspel (KB)</discipline>
            <tsp>45</tsp>
        </player>
    </team>
    <team>
        <name>AVANTI 6</name>
        <fixedplayers>1:2:3:4:</fixedplayers>
        <player>
            <order>2</order>
            <lic>3117</lic>
            <name>Kessel van, Piet</name>
            <discipline>Vrijspel (KB)</discipline>
            <tsp>31</tsp>
        </player>
        <player>
            <order>4</order>
            <lic>3116</lic>
            <name>Brentjens, Jo</name>
            <discipline>Vrijspel (KB)</discipline>
            <tsp>29</tsp>
        </player>
        <player>
            <order>3</order>
            <lic>3575</lic>
            <name>Maessen, Jan</name>
            <discipline>Vrijspel (KB)</discipline>
            <tsp>29</tsp>
        </player>
        <player>
            <order>1</order>
            <lic>2297</lic>
            <name>Mertens, Theo</name>
            <discipline>Vrijspel (KB)</discipline>
            <tsp>45</tsp>
        </player>
    </team>
    <team>
        <name>PARADIES 'T 6</name>
        <fixedplayers>1:2:3:4:</fixedplayers>
        <player>
            <order>2</order>
            <lic>3525</lic>
            <name>Mulders, Miel</name>
            <discipline>Vrijspel (KB)</discipline>
            <tsp>45</tsp>
        </player>
        <player>
            <order>3</order>
            <lic>3522</lic>
            <name>Baini, Ermado</name>
            <discipline>Vrijspel (KB)</discipline>
            <tsp>45</tsp>
        </player>
        <player>
            <order>4</order>
            <lic>3311</lic>
            <name>Bongaerts, Giel</name>
            <discipline>Vrijspel (KB)</discipline>
            <tsp>45</tsp>
        </player>
        <player>
            <order>1</order>
            <lic>3655</lic>
            <name>Bongen, Geert</name>
            <discipline>Vrijspel (KB)</discipline>
            <tsp>50</tsp>
        </player>
    </team>
    <team>
        <name>BOEKOEL 8</name>
        <fixedplayers>1:2:3:4:</fixedplayers>
        <player>
            <order>1</order>
            <lic>3738</lic>
            <name>Beckers, Joop</name>
            <discipline>Vrijspel (KB)</discipline>
            <tsp>50</tsp>
        </player>
        <player>
            <order>4</order>
            <lic>3235</lic>
            <name>Reefs, Piet</name>
            <discipline>Vrijspel (KB)</discipline>
            <tsp>35</tsp>
        </player>
        <player>
            <order>3</order>
            <lic>3766</lic>
            <name>Clumpkens, Maan</name>
            <discipline>Vrijspel (KB)</discipline>
            <tsp>45</tsp>
        </player>
        <player>
            <order>2</order>
            <lic>2715</lic>
            <name>Melis van, Jac</name>
            <discipline>Vrijspel (KB)</discipline>
            <tsp>45</tsp>
        </player>
    </team>
    <team>
        <name>ROERMOND/OVU 4</name>
        <fixedplayers>1:2:3:4:</fixedplayers>
        <player>
            <order>4</order>
            <lic>2301</lic>
            <name>Melick van, Huub</name>
            <discipline>Vrijspel (KB)</discipline>
            <tsp>40</tsp>
        </player>
        <player>
            <order>1</order>
            <lic>2487</lic>
            <name>Niesten, Pierre</name>
            <discipline>Vrijspel (KB)</discipline>
            <tsp>65</tsp>
        </player>
        <player>
            <order>2</order>
            <lic>3197</lic>
            <name>Vorstermans, Ger</name>
            <discipline>Vrijspel (KB)</discipline>
            <tsp>50</tsp>
        </player>
        <player>
            <order>3</order>
            <lic>2219</lic>
            <name>Janssens, Tom</name>
            <discipline>Vrijspel (KB)</discipline>
            <tsp>50</tsp>
        </player>
    </team>
</competition>
