<?xml version="1.0" encoding="UTF-8"?><competition>
    <name>5e Klasse A</name>
    <contactname/>
    <contactemail/>
    <league>MLBB</league>
    <group/>
    <pointsystem>MATCHPOINTS</pointsystem>
    <tableformat>2,30m</tableformat>
    <discipline>Vrijspel (KB)</discipline>
    <nbrofplayers>3</nbrofplayers>
    <disciplineplayers/>
    <tspplayers/>
    <team>
        <name>PARADIES 'T 2</name>
        <fixedplayers>1:2:3:4:</fixedplayers>
        <player>
            <order>1</order>
            <lic>919</lic>
            <name>Koelen, Daan    (BS)</name>
            <discipline>Vrijspel (KB)</discipline>
            <tsp>65</tsp>
        </player>
        <player>
            <order>4</order>
            <lic>3583</lic>
            <name>Geurtjens, Cees</name>
            <discipline>Vrijspel (KB)</discipline>
            <tsp>60</tsp>
        </player>
        <player>
            <order>2</order>
            <lic>3657</lic>
            <name>Rutten, Albert</name>
            <discipline>Vrijspel (KB)</discipline>
            <tsp>110</tsp>
        </player>
        <player>
            <order>3</order>
            <lic>1504</lic>
            <name>Clerx, Miel</name>
            <discipline>Vrijspel (KB)</discipline>
            <tsp>95</tsp>
        </player>
    </team>
    <team>
        <name>VRIENDENKRING 3</name>
        <fixedplayers>1:2:3:4:</fixedplayers>
        <player>
            <order>1</order>
            <lic>1336</lic>
            <name>Fermont, Jan</name>
            <discipline>Vrijspel (KB)</discipline>
            <tsp>75</tsp>
        </player>
        <player>
            <order>2</order>
            <lic>2165</lic>
            <name>Smaak, Ton</name>
            <discipline>Vrijspel (KB)</discipline>
            <tsp>75</tsp>
        </player>
        <player>
            <order>3</order>
            <lic>580</lic>
            <name>Swinkels, Henk</name>
            <discipline>Vrijspel (KB)</discipline>
            <tsp>55</tsp>
        </player>
        <player>
            <order>4</order>
            <lic>3407</lic>
            <name>Schuman, Jo</name>
            <discipline>Vrijspel (KB)</discipline>
            <tsp>50</tsp>
        </player>
    </team>
    <team>
        <name>PARADIES 'T 1</name>
        <fixedplayers>1:2:3:4:</fixedplayers>
        <player>
            <order>4</order>
            <lic>247</lic>
            <name>Henderickx, Frans</name>
            <discipline>Vrijspel (KB)</discipline>
            <tsp>65</tsp>
        </player>
        <player>
            <order>1</order>
            <lic>3620</lic>
            <name>Corvers, Peter  (BS)</name>
            <discipline>Vrijspel (KB)</discipline>
            <tsp>65</tsp>
        </player>
        <player>
            <order>2</order>
            <lic>767</lic>
            <name>Smeets, Piet</name>
            <discipline>Vrijspel (KB)</discipline>
            <tsp>130</tsp>
        </player>
        <player>
            <order>3</order>
            <lic>3619</lic>
            <name>Leijendeckers, Huub</name>
            <discipline>Vrijspel (KB)</discipline>
            <tsp>80</tsp>
        </player>
    </team>
    <team>
        <name>MONTFORT 5</name>
        <fixedplayers>1:2:3:4:</fixedplayers>
        <player>
            <order>3</order>
            <lic>3239</lic>
            <name>Goot van der, Har</name>
            <discipline>Vrijspel (KB)</discipline>
            <tsp>55</tsp>
        </player>
        <player>
            <order>4</order>
            <lic>3129</lic>
            <name>Habets, John</name>
            <discipline>Vrijspel (KB)</discipline>
            <tsp>50</tsp>
        </player>
        <player>
            <order>1</order>
            <lic>701</lic>
            <name>Feller, Jan</name>
            <discipline>Vrijspel (KB)</discipline>
            <tsp>95</tsp>
        </player>
        <player>
            <order>2</order>
            <lic>704</lic>
            <name>Hawinkels, Biek</name>
            <discipline>Vrijspel (KB)</discipline>
            <tsp>60</tsp>
        </player>
    </team>
    <team>
        <name>BLAAKVEN 'T 4</name>
        <fixedplayers>1:2:3:4:</fixedplayers>
        <player>
            <order>2</order>
            <lic>3113</lic>
            <name>Blok, Jaap</name>
            <discipline>Vrijspel (KB)</discipline>
            <tsp>130</tsp>
        </player>
        <player>
            <order>4</order>
            <lic>3531</lic>
            <name>Driessen, Harry</name>
            <discipline>Vrijspel (KB)</discipline>
            <tsp>70</tsp>
        </player>
        <player>
            <order>3</order>
            <lic>3921</lic>
            <name>Vliegenthart, Hennie</name>
            <discipline>Vrijspel (KB)</discipline>
            <tsp>85</tsp>
        </player>
        <player>
            <order>1</order>
            <lic>1879</lic>
            <name>Martens, Johan   (BS)</name>
            <discipline>Vrijspel (KB)</discipline>
            <tsp>85</tsp>
        </player>
    </team>
    <team>
        <name>BIERMANSHUIS 5</name>
        <fixedplayers>1:2:3:4:</fixedplayers>
        <player>
            <order>2</order>
            <lic>2425</lic>
            <name>Mevissen, Hans</name>
            <discipline>Vrijspel (KB)</discipline>
            <tsp>65</tsp>
        </player>
        <player>
            <order>3</order>
            <lic>336</lic>
            <name>Truijen, Jac</name>
            <discipline>Vrijspel (KB)</discipline>
            <tsp>60</tsp>
        </player>
        <player>
            <order>1</order>
            <lic>1859</lic>
            <name>Berg v.d., Martien</name>
            <discipline>Vrijspel (KB)</discipline>
            <tsp>70</tsp>
        </player>
        <player>
            <order>4</order>
            <lic>3196</lic>
            <name>Brabander de, Hans</name>
            <discipline>Vrijspel (KB)</discipline>
            <tsp>45</tsp>
        </player>
    </team>
    <team>
        <name>DMB 5</name>
        <fixedplayers>1:2:3:4:</fixedplayers>
        <player>
            <order>1</order>
            <lic>199</lic>
            <name>Kanters, Harrie</name>
            <discipline>Vrijspel (KB)</discipline>
            <tsp>100</tsp>
        </player>
        <player>
            <order>3</order>
            <lic>832</lic>
            <name>Salentijn, Jo</name>
            <discipline>Vrijspel (KB)</discipline>
            <tsp>80</tsp>
        </player>
        <player>
            <order>2</order>
            <lic>737</lic>
            <name>Vossen, Jan</name>
            <discipline>Vrijspel (KB)</discipline>
            <tsp>95</tsp>
        </player>
        <player>
            <order>4</order>
            <lic>160</lic>
            <name>Voets, Jan</name>
            <discipline>Vrijspel (KB)</discipline>
            <tsp>50</tsp>
        </player>
    </team>
    <team>
        <name>BOEKOEL 6</name>
        <fixedplayers>1:2:3:4:</fixedplayers>
        <player>
            <order>3</order>
            <lic>3906</lic>
            <name>Derix, Herm</name>
            <discipline>Vrijspel (KB)</discipline>
            <tsp>65</tsp>
        </player>
        <player>
            <order>1</order>
            <lic>2807</lic>
            <name>Koch, Wiel   (BS)</name>
            <discipline>Vrijspel (KB)</discipline>
            <tsp>60</tsp>
        </player>
        <player>
            <order>2</order>
            <lic>2806</lic>
            <name>Heuts, Hein</name>
            <discipline>Vrijspel (KB)</discipline>
            <tsp>85</tsp>
        </player>
        <player>
            <order>4</order>
            <lic>3471</lic>
            <name>Hinssen, Frans</name>
            <discipline>Vrijspel (KB)</discipline>
            <tsp>60</tsp>
        </player>
    </team>
    <team>
        <name>BOEKOEL 7</name>
        <fixedplayers>1:2:3:4:</fixedplayers>
        <player>
            <order>1</order>
            <lic>2107</lic>
            <name>Hansen, Paul   (BS)</name>
            <discipline>Vrijspel (KB)</discipline>
            <tsp>65</tsp>
        </player>
        <player>
            <order>4</order>
            <lic>3908</lic>
            <name>Linssen, Wiel</name>
            <discipline>Vrijspel (KB)</discipline>
            <tsp>45</tsp>
        </player>
        <player>
            <order>2</order>
            <lic>2552</lic>
            <name>Vintcent, Pieter</name>
            <discipline>Vrijspel (KB)</discipline>
            <tsp>70</tsp>
        </player>
        <player>
            <order>3</order>
            <lic>505</lic>
            <name>Beckers, Joep</name>
            <discipline>Vrijspel (KB)</discipline>
            <tsp>60</tsp>
        </player>
    </team>
    <team>
        <name>CENTR. N'WEERT 4</name>
        <fixedplayers>1:2:3:4:</fixedplayers>
        <player>
            <order>2</order>
            <lic>3520</lic>
            <name>Vullings, Twan</name>
            <discipline>Vrijspel (KB)</discipline>
            <tsp>55</tsp>
        </player>
        <player>
            <order>1</order>
            <lic>3685</lic>
            <name>Pothoven, Jan</name>
            <discipline>Vrijspel (KB)</discipline>
            <tsp>75</tsp>
        </player>
        <player>
            <order>3</order>
            <lic>19</lic>
            <name>Vossen, Theo</name>
            <discipline>Vrijspel (KB)</discipline>
            <tsp>50</tsp>
        </player>
        <player>
            <order>4</order>
            <lic>20</lic>
            <name>Smeets, Harrie</name>
            <discipline>Vrijspel (KB)</discipline>
            <tsp>50</tsp>
        </player>
    </team>
</competition>
