<?xml version="1.0" encoding="UTF-8"?><competition>
    <name>Hoofdklasse DB</name>
    <contactname/>
    <contactemail/>
    <league>MLBB</league>
    <group/>
    <pointsystem>MATCHPOINTS</pointsystem>
    <tableformat>2,30m</tableformat>
    <discipline>Drieband (KB)</discipline>
    <nbrofplayers>3</nbrofplayers>
    <disciplineplayers/>
    <tspplayers/>
    <team>
        <name>OUDE SMIDSE DE B</name>
        <fixedplayers>1:2:3:</fixedplayers>
        <player>
            <order>3</order>
            <lic>2081</lic>
            <name>Kierkels, Geert</name>
            <discipline>Drieband (KB)</discipline>
            <tsp>24</tsp>
        </player>
        <player>
            <order>2</order>
            <lic>1179</lic>
            <name>Verschueren, Leo</name>
            <discipline>Drieband (KB)</discipline>
            <tsp>28</tsp>
        </player>
        <player>
            <order>1</order>
            <lic>2518</lic>
            <name>Horsten, Ren�</name>
            <discipline>Drieband (KB)</discipline>
            <tsp>28</tsp>
        </player>
    </team>
    <team>
        <name>VRIENDENKRING B</name>
        <fixedplayers>1:2:3:</fixedplayers>
        <player>
            <order>1</order>
            <lic>2165</lic>
            <name>Smaak, Ton</name>
            <discipline>Drieband (KB)</discipline>
            <tsp>36</tsp>
        </player>
        <player>
            <order>2</order>
            <lic>911</lic>
            <name>Deurzen van, Joop</name>
            <discipline>Drieband (KB)</discipline>
            <tsp>30</tsp>
        </player>
        <player>
            <order>3</order>
            <lic>580</lic>
            <name>Swinkels, Henk</name>
            <discipline>Drieband (KB)</discipline>
            <tsp>24</tsp>
        </player>
    </team>
    <team>
        <name>MAASOEVER DE A</name>
        <fixedplayers>1:2:3:</fixedplayers>
        <player>
            <order>3</order>
            <lic>3027</lic>
            <name>Noorbeek, Nico</name>
            <discipline>Drieband (KB)</discipline>
            <tsp>28</tsp>
        </player>
        <player>
            <order>1</order>
            <lic>3940</lic>
            <name>Kosar, Abbas</name>
            <discipline>Drieband (KB)</discipline>
            <tsp>32</tsp>
        </player>
        <player>
            <order>2</order>
            <lic>3942</lic>
            <name>Bouten, Piet</name>
            <discipline>Drieband (KB)</discipline>
            <tsp>30</tsp>
        </player>
    </team>
    <team>
        <name>OUDE SMIDSE DE A</name>
        <fixedplayers>1:2:3:</fixedplayers>
        <player>
            <order>3</order>
            <lic>2359</lic>
            <name>Brink, Ad</name>
            <discipline>Drieband (KB)</discipline>
            <tsp>20</tsp>
        </player>
        <player>
            <order>1</order>
            <lic>1031</lic>
            <name>Eck van, Jo</name>
            <discipline>Drieband (KB)</discipline>
            <tsp>40</tsp>
        </player>
        <player>
            <order>2</order>
            <lic>1030</lic>
            <name>Coenen, Derk</name>
            <discipline>Drieband (KB)</discipline>
            <tsp>26</tsp>
        </player>
    </team>
    <team>
        <name>BUGGENUM A</name>
        <fixedplayers>1:2:3:</fixedplayers>
        <player>
            <order>1</order>
            <lic>108</lic>
            <name>Peeters, Frans</name>
            <discipline>Drieband (KB)</discipline>
            <tsp>32</tsp>
        </player>
        <player>
            <order>3</order>
            <lic>1829</lic>
            <name>Heiligers, Roger</name>
            <discipline>Drieband (KB)</discipline>
            <tsp>28</tsp>
        </player>
        <player>
            <order>2</order>
            <lic>1956</lic>
            <name>Smeets, Jo</name>
            <discipline>Drieband (KB)</discipline>
            <tsp>32</tsp>
        </player>
    </team>
    <team>
        <name>VRIENDENKRING A</name>
        <fixedplayers>1:2:3:</fixedplayers>
        <player>
            <order>2</order>
            <lic>1338</lic>
            <name>Heinders, Hub</name>
            <discipline>Drieband (KB)</discipline>
            <tsp>38</tsp>
        </player>
        <player>
            <order>1</order>
            <lic>342</lic>
            <name>Schmitz, Erik</name>
            <discipline>Drieband (KB)</discipline>
            <tsp>46</tsp>
        </player>
        <player>
            <order>3</order>
            <lic>1450</lic>
            <name>Beek v.d., Huub</name>
            <discipline>Drieband (KB)</discipline>
            <tsp>28</tsp>
        </player>
    </team>
    <team>
        <name>LIBERTIN A</name>
        <fixedplayers>1:2:3:</fixedplayers>
        <player>
            <order>1</order>
            <lic>3816</lic>
            <name>Leermakers, Paul</name>
            <discipline>Drieband (KB)</discipline>
            <tsp>42</tsp>
        </player>
        <player>
            <order>3</order>
            <lic>1353</lic>
            <name>Koerts, Peter</name>
            <discipline>Drieband (KB)</discipline>
            <tsp>32</tsp>
        </player>
        <player>
            <order>2</order>
            <lic>1926</lic>
            <name>Geneygen van, Leon</name>
            <discipline>Drieband (KB)</discipline>
            <tsp>34</tsp>
        </player>
    </team>
    <team>
        <name>LIBERTIN B</name>
        <fixedplayers>1:2:3:</fixedplayers>
        <player>
            <order>3</order>
            <lic>473</lic>
            <name>Gerbers, Willie</name>
            <discipline>Drieband (KB)</discipline>
            <tsp>24</tsp>
        </player>
        <player>
            <order>2</order>
            <lic>1169</lic>
            <name>Wilms, Leo</name>
            <discipline>Drieband (KB)</discipline>
            <tsp>32</tsp>
        </player>
        <player>
            <order>1</order>
            <lic>627</lic>
            <name>Wolters, Peter</name>
            <discipline>Drieband (KB)</discipline>
            <tsp>46</tsp>
        </player>
    </team>
    <team>
        <name>ROERMOND/OVU A</name>
        <fixedplayers>1:2:3:</fixedplayers>
        <player>
            <order>1</order>
            <lic>1017</lic>
            <name>Dirkx, Cor</name>
            <discipline>Drieband (KB)</discipline>
            <tsp>34</tsp>
        </player>
        <player>
            <order>3</order>
            <lic>1015</lic>
            <name>Bruijn de, Anton</name>
            <discipline>Drieband (KB)</discipline>
            <tsp>28</tsp>
        </player>
        <player>
            <order>2</order>
            <lic>1057</lic>
            <name>Reijnen, Hub</name>
            <discipline>Drieband (KB)</discipline>
            <tsp>32</tsp>
        </player>
    </team>
    <team>
        <name>HEEL A</name>
        <fixedplayers>1:2:3:</fixedplayers>
        <player>
            <order>3</order>
            <lic>2822</lic>
            <name>Scheeren, Roel</name>
            <discipline>Drieband (KB)</discipline>
            <tsp>22</tsp>
        </player>
        <player>
            <order>2</order>
            <lic>2719</lic>
            <name>Engelen, Jac</name>
            <discipline>Drieband (KB)</discipline>
            <tsp>22</tsp>
        </player>
        <player>
            <order>1</order>
            <lic>1904</lic>
            <name>Henckens, Frank</name>
            <discipline>Drieband (KB)</discipline>
            <tsp>34</tsp>
        </player>
    </team>
    <team>
        <name>OVS A</name>
        <fixedplayers>1:2:3:</fixedplayers>
        <player>
            <order>1</order>
            <lic>887</lic>
            <name>Evers, Rudy</name>
            <discipline>Drieband (KB)</discipline>
            <tsp>42</tsp>
        </player>
        <player>
            <order>2</order>
            <lic>898</lic>
            <name>Habes, Laurens</name>
            <discipline>Drieband (KB)</discipline>
            <tsp>38</tsp>
        </player>
        <player>
            <order>3</order>
            <lic>1172</lic>
            <name>Jong de, Theo</name>
            <discipline>Drieband (KB)</discipline>
            <tsp>26</tsp>
        </player>
    </team>
</competition>
