<?xml version="1.0" encoding="UTF-8"?><competition>
    <name>Hoofdklasse Libre</name>
    <contactname/>
    <contactemail/>
    <league>MLBB</league>
    <group/>
    <pointsystem>MATCHPOINTS</pointsystem>
    <tableformat>2,30m</tableformat>
    <discipline/>
    <nbrofplayers>3</nbrofplayers>
    <disciplineplayers/>
    <tspplayers/>
    <team>
        <name>LIBERTIN 5</name>
        <fixedplayers>1:2:3:</fixedplayers>
        <player>
            <order>1</order>
            <lic>3620</lic>
            <name>Corvers, Peter</name>
            <discipline/>
            <tsp>215</tsp>
        </player>
        <player>
            <order>3</order>
            <lic>479</lic>
            <name>Fusers, Peter</name>
            <discipline/>
            <tsp>80</tsp>
        </player>
        <player>
            <order>2</order>
            <lic>3772</lic>
            <name>Joosten, Rik</name>
            <discipline/>
            <tsp>100</tsp>
        </player>
    </team>
    <team>
        <name>BUGGENUM 1</name>
        <fixedplayers>1:2:3:</fixedplayers>
        <player>
            <order>1</order>
            <lic>1106</lic>
            <name>Verhoeven, Jos</name>
            <discipline/>
            <tsp>150</tsp>
        </player>
        <player>
            <order>2</order>
            <lic>1102</lic>
            <name>Verhoeven, Peter</name>
            <discipline/>
            <tsp>100</tsp>
        </player>
        <player>
            <order>3</order>
            <lic>108</lic>
            <name>Peeters, Frans</name>
            <discipline/>
            <tsp>80</tsp>
        </player>
    </team>
    <team>
        <name>CENTR. N'WEERT 1</name>
        <fixedplayers>1:2:3:</fixedplayers>
        <player>
            <order>1</order>
            <lic>3505</lic>
            <name>Aerts, Jo</name>
            <discipline/>
            <tsp>145</tsp>
        </player>
        <player>
            <order>2</order>
            <lic>2385</lic>
            <name>Pols, Louis</name>
            <discipline/>
            <tsp>105</tsp>
        </player>
        <player>
            <order>3</order>
            <lic>3507</lic>
            <name>Burgt van de, Lambert</name>
            <discipline/>
            <tsp>90</tsp>
        </player>
    </team>
    <team>
        <name>NUNHEM 1</name>
        <fixedplayers>1:2:3:</fixedplayers>
        <player>
            <order>1</order>
            <lic>907</lic>
            <name>Burhenne, Sjeng   (LGH2)</name>
            <discipline/>
            <tsp>290</tsp>
        </player>
        <player>
            <order>2</order>
            <lic>287</lic>
            <name>Vullers, Jack   (LGH2)</name>
            <discipline/>
            <tsp>270</tsp>
        </player>
        <player>
            <order>3</order>
            <lic>2947</lic>
            <name>Rossum van, Herman</name>
            <discipline/>
            <tsp>200</tsp>
        </player>
    </team>
    <team>
        <name>CARAMBOLA 1</name>
        <fixedplayers>1:2:3:</fixedplayers>
        <player>
            <order>1</order>
            <lic>1259</lic>
            <name>Manders, Roy   (LGH2)</name>
            <discipline/>
            <tsp>250</tsp>
        </player>
        <player>
            <order>3</order>
            <lic>1399</lic>
            <name>Kanters, Jan</name>
            <discipline/>
            <tsp>210</tsp>
        </player>
        <player>
            <order>2</order>
            <lic>1591</lic>
            <name>Kemmerling, Jos   (LGH2)</name>
            <discipline/>
            <tsp>240</tsp>
        </player>
    </team>
    <team>
        <name>LIBERTIN 4</name>
        <fixedplayers>1:2:3:</fixedplayers>
        <player>
            <order>1</order>
            <lic>1006</lic>
            <name>Dielissen, Hans   (LGH1)</name>
            <discipline/>
            <tsp>215</tsp>
        </player>
        <player>
            <order>2</order>
            <lic>1467</lic>
            <name>Cox, Theo</name>
            <discipline/>
            <tsp>100</tsp>
        </player>
        <player>
            <order>3</order>
            <lic>3671</lic>
            <name>Geene, Alexander</name>
            <discipline/>
            <tsp>80</tsp>
        </player>
    </team>
    <team>
        <name>TRAM DE 2</name>
        <fixedplayers>1:2:3:</fixedplayers>
        <player>
            <order>3</order>
            <lic>2712</lic>
            <name>Roumen, Roger</name>
            <discipline/>
            <tsp>110</tsp>
        </player>
        <player>
            <order>1</order>
            <lic>3849</lic>
            <name>Janssen, Patrick   (LGH2)</name>
            <discipline/>
            <tsp>400</tsp>
        </player>
        <player>
            <order>2</order>
            <lic>1260</lic>
            <name>Bouwels, Willie</name>
            <discipline/>
            <tsp>125</tsp>
        </player>
    </team>
    <team>
        <name>BLAAKVEN 'T 2</name>
        <fixedplayers>1:2:3:</fixedplayers>
        <player>
            <order>2</order>
            <lic>200</lic>
            <name>Kanters, Leo</name>
            <discipline/>
            <tsp>210</tsp>
        </player>
        <player>
            <order>3</order>
            <lic>3113</lic>
            <name>Blok, Jaap</name>
            <discipline/>
            <tsp>105</tsp>
        </player>
        <player>
            <order>1</order>
            <lic>1879</lic>
            <name>Martens, Johan   (LGH2)</name>
            <discipline/>
            <tsp>240</tsp>
        </player>
    </team>
    <team>
        <name>TRAM DE 4</name>
        <fixedplayers>1:2:3:</fixedplayers>
        <player>
            <order>1</order>
            <lic>1258</lic>
            <name>Thijssen, Thijs</name>
            <discipline/>
            <tsp>165</tsp>
        </player>
        <player>
            <order>2</order>
            <lic>1251</lic>
            <name>Bouwels, Leo</name>
            <discipline/>
            <tsp>100</tsp>
        </player>
        <player>
            <order>3</order>
            <lic>1262</lic>
            <name>Lamerigts, Jac</name>
            <discipline/>
            <tsp>80</tsp>
        </player>
    </team>
    <team>
        <name>MONTFORT 1</name>
        <fixedplayers>1:2:3:</fixedplayers>
        <player>
            <order>1</order>
            <lic>2324</lic>
            <name>Creemers, Ton   (LGH1)</name>
            <discipline/>
            <tsp>240</tsp>
        </player>
        <player>
            <order>2</order>
            <lic>697</lic>
            <name>Coenen, Piet</name>
            <discipline/>
            <tsp>100</tsp>
        </player>
        <player>
            <order>3</order>
            <lic>701</lic>
            <name>Feller, Jan</name>
            <discipline/>
            <tsp>80</tsp>
        </player>
    </team>
    <team>
        <name>TRAM DE 3</name>
        <fixedplayers>1:2:3:</fixedplayers>
        <player>
            <order>1</order>
            <lic>1875</lic>
            <name>Dingemans, Cyril</name>
            <discipline/>
            <tsp>230</tsp>
        </player>
        <player>
            <order>3</order>
            <lic>855</lic>
            <name>Biermans, Hans</name>
            <discipline/>
            <tsp>90</tsp>
        </player>
        <player>
            <order>2</order>
            <lic>1009</lic>
            <name>Eck van, Ron</name>
            <discipline/>
            <tsp>215</tsp>
        </player>
    </team>
    <team>
        <name>VELDPOORT 1</name>
        <fixedplayers>1:2:3:</fixedplayers>
        <player>
            <order>3</order>
            <lic>1327</lic>
            <name>Willms, Jos</name>
            <discipline/>
            <tsp>70</tsp>
        </player>
        <player>
            <order>2</order>
            <lic>106</lic>
            <name>Craemers, Geert</name>
            <discipline/>
            <tsp>85</tsp>
        </player>
        <player>
            <order>1</order>
            <lic>2959</lic>
            <name>Bellinghausen, Dietmund</name>
            <discipline/>
            <tsp>195</tsp>
        </player>
    </team>
</competition>
