<?xml version="1.0" encoding="UTF-8"?><competition>
    <name>NTO - Klasse B</name>
    <contactname/>
    <contactemail/>
    <league>NTO</league>
    <group/>
    <pointsystem>MATCHPOINTS</pointsystem>
    <tableformat>2,30m</tableformat>
    <discipline>Vrijspel (KB)</discipline>
    <nbrofplayers>4</nbrofplayers>
    <disciplineplayers/>
    <tspplayers/>
    <team>
        <name>Heytse 5</name>
        <fixedplayers>1:2::3:4</fixedplayers>
        <player>
            <order>4</order>
            <lic>143</lic>
            <name>P.Boersen</name>
            <discipline>Libre</discipline>
            <tsp>42</tsp>
        </player>
        <player>
            <order>R</order>
            <lic>38</lic>
            <name>H.Hagens</name>
            <discipline>Libre</discipline>
            <tsp>42</tsp>
        </player>
        <player>
            <order>R</order>
            <lic>39</lic>
            <name>P.Beek</name>
            <discipline>Libre</discipline>
            <tsp>42</tsp>
        </player>
        <player>
            <order>R</order>
            <lic>40</lic>
            <name>F.vd.Wauw</name>
            <discipline>Libre</discipline>
            <tsp>40</tsp>
        </player>
        <player>
            <order>1</order>
            <lic>140</lic>
            <name>M.v.d.Berg</name>
            <discipline>Libre</discipline>
            <tsp>54</tsp>
        </player>
        <player>
            <order>2</order>
            <lic>141</lic>
            <name>B.Goossens</name>
            <discipline>Libre</discipline>
            <tsp>44</tsp>
        </player>
        <player>
            <order>3</order>
            <lic>142</lic>
            <name>S.Raemakers</name>
            <discipline>Libre</discipline>
            <tsp>42</tsp>
        </player>
    </team>
    <team>
        <name>De Oude Smidse 5</name>
        <fixedplayers>1:2::3:4</fixedplayers>
        <player>
            <order>1</order>
            <lic>176</lic>
            <name>G.Evers</name>
            <discipline>Libre</discipline>
            <tsp>48</tsp>
        </player>
        <player>
            <order>2</order>
            <lic>177</lic>
            <name>Tj.Meijer</name>
            <discipline>Libre</discipline>
            <tsp>40</tsp>
        </player>
        <player>
            <order>R</order>
            <lic>12</lic>
            <name>L.Adams</name>
            <discipline>Libre</discipline>
            <tsp>46</tsp>
        </player>
        <player>
            <order>3</order>
            <lic>178</lic>
            <name>G.v.Duyn</name>
            <discipline>Libre</discipline>
            <tsp>37</tsp>
        </player>
        <player>
            <order>R</order>
            <lic>13</lic>
            <name>H.v.Mal</name>
            <discipline>Libre</discipline>
            <tsp>25</tsp>
        </player>
        <player>
            <order>4</order>
            <lic>179</lic>
            <name>G.Daalderop</name>
            <discipline>Libre</discipline>
            <tsp>34</tsp>
        </player>
        <player>
            <order>R</order>
            <lic>14</lic>
            <name>L.Jeurninck</name>
            <discipline>Libre</discipline>
            <tsp>48</tsp>
        </player>
    </team>
    <team>
        <name>De Prairie 2</name>
        <fixedplayers>1:2::3:4</fixedplayers>
        <player>
            <order>1</order>
            <lic>156</lic>
            <name>Thieu Strous</name>
            <discipline>Libre</discipline>
            <tsp>50</tsp>
        </player>
        <player>
            <order>2</order>
            <lic>157</lic>
            <name>B.v.d.Goor</name>
            <discipline>Libre</discipline>
            <tsp>46</tsp>
        </player>
        <player>
            <order>3</order>
            <lic>158</lic>
            <name>Th.v.Lier</name>
            <discipline>Libre</discipline>
            <tsp>44</tsp>
        </player>
        <player>
            <order>R</order>
            <lic>15</lic>
            <name>P.Beurskens</name>
            <discipline>Libre</discipline>
            <tsp>52</tsp>
        </player>
        <player>
            <order>4</order>
            <lic>159</lic>
            <name>Dick Goldenbeld</name>
            <discipline>Libre</discipline>
            <tsp>34</tsp>
        </player>
        <player>
            <order>R</order>
            <lic>16</lic>
            <name>J.Verstappen</name>
            <discipline>Libre</discipline>
            <tsp>48</tsp>
        </player>
        <player>
            <order>R</order>
            <lic>17</lic>
            <name>J.Custers P.z.</name>
            <discipline>Libre</discipline>
            <tsp>31</tsp>
        </player>
        <player>
            <order>R</order>
            <lic>18</lic>
            <name>T.v.d.Eerthweg</name>
            <discipline>Libre</discipline>
            <tsp>34</tsp>
        </player>
    </team>
    <team>
        <name>Ittervoort 2</name>
        <fixedplayers>1:2::3:4</fixedplayers>
        <player>
            <order>R</order>
            <lic>44</lic>
            <name>Math Bouwels</name>
            <discipline>Libre</discipline>
            <tsp>31</tsp>
        </player>
        <player>
            <order>R</order>
            <lic>45</lic>
            <name>T.de Werdt</name>
            <discipline>Libre</discipline>
            <tsp>40</tsp>
        </player>
        <player>
            <order>1</order>
            <lic>172</lic>
            <name>F.Drossaert</name>
            <discipline>Libre</discipline>
            <tsp>42</tsp>
        </player>
        <player>
            <order>2</order>
            <lic>173</lic>
            <name>M.Lupsen</name>
            <discipline>Libre</discipline>
            <tsp>42</tsp>
        </player>
        <player>
            <order>R</order>
            <lic>41</lic>
            <name>J.Greefkens</name>
            <discipline>Libre</discipline>
            <tsp>40</tsp>
        </player>
        <player>
            <order>3</order>
            <lic>174</lic>
            <name>Th.Briels</name>
            <discipline>Libre</discipline>
            <tsp>37</tsp>
        </player>
        <player>
            <order>R</order>
            <lic>42</lic>
            <name>H.Goerts</name>
            <discipline>Libre</discipline>
            <tsp>31</tsp>
        </player>
        <player>
            <order>4</order>
            <lic>175</lic>
            <name>W.Briels</name>
            <discipline>Libre</discipline>
            <tsp>37</tsp>
        </player>
        <player>
            <order>R</order>
            <lic>43</lic>
            <name>H.Snijkers</name>
            <discipline>Libre</discipline>
            <tsp>37</tsp>
        </player>
    </team>
    <team>
        <name>De Oude Smidse 4</name>
        <fixedplayers>1:2::3:4</fixedplayers>
        <player>
            <order>R</order>
            <lic>12</lic>
            <name>L.Adams</name>
            <discipline>Libre</discipline>
            <tsp>46</tsp>
        </player>
        <player>
            <order>R</order>
            <lic>13</lic>
            <name>H.v.Mal</name>
            <discipline>Libre</discipline>
            <tsp>25</tsp>
        </player>
        <player>
            <order>1</order>
            <lic>168</lic>
            <name>G.Levels</name>
            <discipline>Libre</discipline>
            <tsp>48</tsp>
        </player>
        <player>
            <order>R</order>
            <lic>14</lic>
            <name>L.Jeurninck</name>
            <discipline>Libre</discipline>
            <tsp>48</tsp>
        </player>
        <player>
            <order>2</order>
            <lic>169</lic>
            <name>G.Peeters</name>
            <discipline>Libre</discipline>
            <tsp>40</tsp>
        </player>
        <player>
            <order>3</order>
            <lic>170</lic>
            <name>P.Baetsen</name>
            <discipline>Libre</discipline>
            <tsp>37</tsp>
        </player>
        <player>
            <order>4</order>
            <lic>171</lic>
            <name>Br.Frenken</name>
            <discipline>Libre</discipline>
            <tsp>37</tsp>
        </player>
    </team>
    <team>
        <name>De Prairie 3</name>
        <fixedplayers>1:2::3:4</fixedplayers>
        <player>
            <order>R</order>
            <lic>15</lic>
            <name>P.Beurskens</name>
            <discipline>Libre</discipline>
            <tsp>52</tsp>
        </player>
        <player>
            <order>R</order>
            <lic>16</lic>
            <name>J.Verstappen</name>
            <discipline>Libre</discipline>
            <tsp>48</tsp>
        </player>
        <player>
            <order>R</order>
            <lic>17</lic>
            <name>J.Custers P.z.</name>
            <discipline>Libre</discipline>
            <tsp>31</tsp>
        </player>
        <player>
            <order>R</order>
            <lic>18</lic>
            <name>T.v.d.Eerthweg</name>
            <discipline>Libre</discipline>
            <tsp>34</tsp>
        </player>
        <player>
            <order>1</order>
            <lic>160</lic>
            <name>W.Kessels</name>
            <discipline>Libre</discipline>
            <tsp>46</tsp>
        </player>
        <player>
            <order>2</order>
            <lic>161</lic>
            <name>A.v.Helvoort</name>
            <discipline>Libre</discipline>
            <tsp>46</tsp>
        </player>
        <player>
            <order>3</order>
            <lic>162</lic>
            <name>A.Gubbels</name>
            <discipline>Libre</discipline>
            <tsp>42</tsp>
        </player>
        <player>
            <order>4</order>
            <lic>163</lic>
            <name>L.Kessels</name>
            <discipline>Libre</discipline>
            <tsp>40</tsp>
        </player>
    </team>
    <team>
        <name>De Sport 2</name>
        <fixedplayers>1:2::3:4</fixedplayers>
        <player>
            <order>2</order>
            <lic>165</lic>
            <name>Fr.Geraats</name>
            <discipline>Libre</discipline>
            <tsp>42</tsp>
        </player>
        <player>
            <order>R</order>
            <lic>22</lic>
            <name>H.Verheggen</name>
            <discipline>Libre</discipline>
            <tsp>34</tsp>
        </player>
        <player>
            <order>3</order>
            <lic>166</lic>
            <name>J.Ogier</name>
            <discipline>Libre</discipline>
            <tsp>40</tsp>
        </player>
        <player>
            <order>4</order>
            <lic>167</lic>
            <name>Jac Timmermans</name>
            <discipline>Libre</discipline>
            <tsp>34</tsp>
        </player>
        <player>
            <order>R</order>
            <lic>19</lic>
            <name>S.Verstappen</name>
            <discipline>Libre</discipline>
            <tsp>44</tsp>
        </player>
        <player>
            <order>R</order>
            <lic>20</lic>
            <name>H.Driessen</name>
            <discipline>Libre</discipline>
            <tsp>37</tsp>
        </player>
        <player>
            <order>1</order>
            <lic>164</lic>
            <name>H. Peeters</name>
            <discipline>Libre</discipline>
            <tsp>54</tsp>
        </player>
        <player>
            <order>R</order>
            <lic>21</lic>
            <name>W.Wetemans</name>
            <discipline>Libre</discipline>
            <tsp>31</tsp>
        </player>
    </team>
    <team>
        <name>Heytse 6</name>
        <fixedplayers>1:2::3:4</fixedplayers>
        <player>
            <order>1</order>
            <lic>148</lic>
            <name>J.Swinkels</name>
            <discipline>Libre</discipline>
            <tsp>48</tsp>
        </player>
        <player>
            <order>R</order>
            <lic>38</lic>
            <name>H.Hagens</name>
            <discipline>Libre</discipline>
            <tsp>42</tsp>
        </player>
        <player>
            <order>2</order>
            <lic>149</lic>
            <name>L.Hoelsgens</name>
            <discipline>Libre</discipline>
            <tsp>44</tsp>
        </player>
        <player>
            <order>R</order>
            <lic>39</lic>
            <name>P.Beek</name>
            <discipline>Libre</discipline>
            <tsp>42</tsp>
        </player>
        <player>
            <order>3</order>
            <lic>150</lic>
            <name>J.v.d.Loo</name>
            <discipline>Libre</discipline>
            <tsp>44</tsp>
        </player>
        <player>
            <order>R</order>
            <lic>40</lic>
            <name>F.vd.Wauw</name>
            <discipline>Libre</discipline>
            <tsp>40</tsp>
        </player>
        <player>
            <order>4</order>
            <lic>151</lic>
            <name>Ton Timmermans</name>
            <discipline>Libre</discipline>
            <tsp>42</tsp>
        </player>
    </team>
    <team>
        <name>Heel 3</name>
        <fixedplayers>1:2::3:4</fixedplayers>
        <player>
            <order>3</order>
            <lic>154</lic>
            <name>Jo Tubee</name>
            <discipline>Libre</discipline>
            <tsp>40</tsp>
        </player>
        <player>
            <order>R</order>
            <lic>33</lic>
            <name>Jac Engelen</name>
            <discipline>Libre</discipline>
            <tsp>48</tsp>
        </player>
        <player>
            <order>4</order>
            <lic>155</lic>
            <name>P.Maessen</name>
            <discipline>Libre</discipline>
            <tsp>37</tsp>
        </player>
        <player>
            <order>R</order>
            <lic>34</lic>
            <name>Cor Gijsen</name>
            <discipline>Libre</discipline>
            <tsp>31</tsp>
        </player>
        <player>
            <order>R</order>
            <lic>35</lic>
            <name>Jan Peters</name>
            <discipline>Libre</discipline>
            <tsp>28</tsp>
        </player>
        <player>
            <order>R</order>
            <lic>36</lic>
            <name>Jan Velmans</name>
            <discipline>Libre</discipline>
            <tsp>31</tsp>
        </player>
        <player>
            <order>R</order>
            <lic>37</lic>
            <name>Jac Tubee</name>
            <discipline>Libre</discipline>
            <tsp>34</tsp>
        </player>
        <player>
            <order>1</order>
            <lic>152</lic>
            <name>J. Delissen 2</name>
            <discipline>Libre</discipline>
            <tsp>50</tsp>
        </player>
        <player>
            <order>R</order>
            <lic>31</lic>
            <name>Wiel Zee</name>
            <discipline>Libre</discipline>
            <tsp>48</tsp>
        </player>
        <player>
            <order>2</order>
            <lic>153</lic>
            <name>Wiel Verber</name>
            <discipline>Libre</discipline>
            <tsp>50</tsp>
        </player>
        <player>
            <order>R</order>
            <lic>32</lic>
            <name>Henk Bos</name>
            <discipline>Libre</discipline>
            <tsp>25</tsp>
        </player>
    </team>
    <team>
        <name>Heel 2</name>
        <fixedplayers>1:2::3:4</fixedplayers>
        <player>
            <order>R</order>
            <lic>33</lic>
            <name>Jac Engelen</name>
            <discipline>Libre</discipline>
            <tsp>48</tsp>
        </player>
        <player>
            <order>1</order>
            <lic>144</lic>
            <name>J. Steinbusch</name>
            <discipline>Libre</discipline>
            <tsp>56</tsp>
        </player>
        <player>
            <order>R</order>
            <lic>34</lic>
            <name>Cor Gijsen</name>
            <discipline>Libre</discipline>
            <tsp>31</tsp>
        </player>
        <player>
            <order>2</order>
            <lic>145</lic>
            <name>Toon Croonenberg</name>
            <discipline>Libre</discipline>
            <tsp>46</tsp>
        </player>
        <player>
            <order>R</order>
            <lic>35</lic>
            <name>Jan Peters</name>
            <discipline>Libre</discipline>
            <tsp>28</tsp>
        </player>
        <player>
            <order>3</order>
            <lic>146</lic>
            <name>Jo Beurskens</name>
            <discipline>Libre</discipline>
            <tsp>42</tsp>
        </player>
        <player>
            <order>R</order>
            <lic>36</lic>
            <name>Jan Velmans</name>
            <discipline>Libre</discipline>
            <tsp>31</tsp>
        </player>
        <player>
            <order>4</order>
            <lic>147</lic>
            <name>John Crijns</name>
            <discipline>Libre</discipline>
            <tsp>34</tsp>
        </player>
        <player>
            <order>R</order>
            <lic>37</lic>
            <name>Jac Tubee</name>
            <discipline>Libre</discipline>
            <tsp>34</tsp>
        </player>
        <player>
            <order>R</order>
            <lic>31</lic>
            <name>Wiel Zee</name>
            <discipline>Libre</discipline>
            <tsp>48</tsp>
        </player>
        <player>
            <order>R</order>
            <lic>32</lic>
            <name>Henk Bos</name>
            <discipline>Libre</discipline>
            <tsp>25</tsp>
        </player>
    </team>
    <team>
        <name>Heytse 7</name>
        <fixedplayers>1:2::3:4</fixedplayers>
        <player>
            <order>R</order>
            <lic>38</lic>
            <name>H.Hagens</name>
            <discipline>Libre</discipline>
            <tsp>42</tsp>
        </player>
        <player>
            <order>R</order>
            <lic>39</lic>
            <name>P.Beek</name>
            <discipline>Libre</discipline>
            <tsp>42</tsp>
        </player>
        <player>
            <order>1</order>
            <lic>180</lic>
            <name>Cees Vervoort</name>
            <discipline>Libre</discipline>
            <tsp>42</tsp>
        </player>
        <player>
            <order>2</order>
            <lic>181</lic>
            <name>Bart Thiesen</name>
            <discipline>Libre</discipline>
            <tsp>42</tsp>
        </player>
        <player>
            <order>3</order>
            <lic>182</lic>
            <name>Jan van Osch</name>
            <discipline>Libre</discipline>
            <tsp>34</tsp>
        </player>
        <player>
            <order>4</order>
            <lic>183</lic>
            <name>Hub Nieskens</name>
            <discipline>Libre</discipline>
            <tsp>34</tsp>
        </player>
        <player>
            <order>R</order>
            <lic>40</lic>
            <name>F.vd.Wauw</name>
            <discipline>Libre</discipline>
            <tsp>40</tsp>
        </player>
    </team>
</competition>
