<?xml version="1.0" encoding="UTF-8"?><competition>
    <name>NTO - Klasse A</name>
    <contactname/>
    <contactemail/>
    <league>NTO</league>
    <group/>
    <pointsystem>MATCHPOINTS</pointsystem>
    <tableformat>2,30m</tableformat>
    <discipline>Vrijspel (KB)</discipline>
    <nbrofplayers>4</nbrofplayers>
    <disciplineplayers/>
    <tspplayers/>
    <team>
        <name>Heytse 2</name>
        <fixedplayers>1:2::3:4</fixedplayers>
        <player>
            <order>2</order>
            <lic>121</lic>
            <name>J.Kessels</name>
            <discipline>Libre</discipline>
            <tsp>54</tsp>
        </player>
        <player>
            <order>3</order>
            <lic>122</lic>
            <name>Piet Gorissen</name>
            <discipline>Libre</discipline>
            <tsp>52</tsp>
        </player>
        <player>
            <order>4</order>
            <lic>123</lic>
            <name>S.v.d.Heijden</name>
            <discipline>Libre</discipline>
            <tsp>50</tsp>
        </player>
        <player>
            <order>R</order>
            <lic>38</lic>
            <name>H.Hagens</name>
            <discipline>Libre</discipline>
            <tsp>42</tsp>
        </player>
        <player>
            <order>R</order>
            <lic>39</lic>
            <name>P.Beek</name>
            <discipline>Libre</discipline>
            <tsp>42</tsp>
        </player>
        <player>
            <order>R</order>
            <lic>40</lic>
            <name>F.vd.Wauw</name>
            <discipline>Libre</discipline>
            <tsp>40</tsp>
        </player>
        <player>
            <order>1</order>
            <lic>120</lic>
            <name>B.Backus</name>
            <discipline>Libre</discipline>
            <tsp>60</tsp>
        </player>
    </team>
    <team>
        <name>De Oude Smidse 2</name>
        <fixedplayers>1:2::3:4</fixedplayers>
        <player>
            <order>R</order>
            <lic>12</lic>
            <name>L.Adams</name>
            <discipline>Libre</discipline>
            <tsp>46</tsp>
        </player>
        <player>
            <order>R</order>
            <lic>13</lic>
            <name>H.v.Mal</name>
            <discipline>Libre</discipline>
            <tsp>25</tsp>
        </player>
        <player>
            <order>R</order>
            <lic>14</lic>
            <name>L.Jeurninck</name>
            <discipline>Libre</discipline>
            <tsp>48</tsp>
        </player>
        <player>
            <order>1</order>
            <lic>104</lic>
            <name>H.v.Geel</name>
            <discipline>Libre</discipline>
            <tsp>64</tsp>
        </player>
        <player>
            <order>2</order>
            <lic>105</lic>
            <name>W.Ottenheym</name>
            <discipline>Libre</discipline>
            <tsp>62</tsp>
        </player>
        <player>
            <order>3</order>
            <lic>106</lic>
            <name>W.Luys</name>
            <discipline>Libre</discipline>
            <tsp>52</tsp>
        </player>
        <player>
            <order>4</order>
            <lic>107</lic>
            <name>C.Stappers</name>
            <discipline>Libre</discipline>
            <tsp>46</tsp>
        </player>
    </team>
    <team>
        <name>Haelen 1</name>
        <fixedplayers>1:2::3:4</fixedplayers>
        <player>
            <order>1</order>
            <lic>112</lic>
            <name>Hub Ottenheim</name>
            <discipline>Libre</discipline>
            <tsp>86</tsp>
        </player>
        <player>
            <order>2</order>
            <lic>113</lic>
            <name>Dre Ottenheim</name>
            <discipline>Libre</discipline>
            <tsp>50</tsp>
        </player>
        <player>
            <order>3</order>
            <lic>114</lic>
            <name>L.Reynders</name>
            <discipline>Libre</discipline>
            <tsp>46</tsp>
        </player>
        <player>
            <order>4</order>
            <lic>115</lic>
            <name>H.Waeyen</name>
            <discipline>Libre</discipline>
            <tsp>42</tsp>
        </player>
        <player>
            <order>R</order>
            <lic>28</lic>
            <name>Fr.Theunissen</name>
            <discipline>Libre</discipline>
            <tsp>44</tsp>
        </player>
        <player>
            <order>R</order>
            <lic>29</lic>
            <name>J.Cornelissen</name>
            <discipline>Libre</discipline>
            <tsp>34</tsp>
        </player>
        <player>
            <order>R</order>
            <lic>30</lic>
            <name>H.Gubbels</name>
            <discipline>Libre</discipline>
            <tsp>25</tsp>
        </player>
    </team>
    <team>
        <name>Heytse 3</name>
        <fixedplayers>1:2::3:4</fixedplayers>
        <player>
            <order>1</order>
            <lic>124</lic>
            <name>W.Sijben</name>
            <discipline>Libre</discipline>
            <tsp>60</tsp>
        </player>
        <player>
            <order>2</order>
            <lic>125</lic>
            <name>Th.Prinssen</name>
            <discipline>Libre</discipline>
            <tsp>52</tsp>
        </player>
        <player>
            <order>3</order>
            <lic>126</lic>
            <name>G.Hoogmans</name>
            <discipline>Libre</discipline>
            <tsp>46</tsp>
        </player>
        <player>
            <order>R</order>
            <lic>38</lic>
            <name>H.Hagens</name>
            <discipline>Libre</discipline>
            <tsp>42</tsp>
        </player>
        <player>
            <order>4</order>
            <lic>127</lic>
            <name>P.Sieben</name>
            <discipline>Libre</discipline>
            <tsp>44</tsp>
        </player>
        <player>
            <order>R</order>
            <lic>39</lic>
            <name>P.Beek</name>
            <discipline>Libre</discipline>
            <tsp>42</tsp>
        </player>
        <player>
            <order>R</order>
            <lic>40</lic>
            <name>F.vd.Wauw</name>
            <discipline>Libre</discipline>
            <tsp>40</tsp>
        </player>
    </team>
    <team>
        <name>Ittervoort 1</name>
        <fixedplayers>1:2::3:4</fixedplayers>
        <player>
            <order>4</order>
            <lic>99</lic>
            <name>M.Hanssen</name>
            <discipline>Libre</discipline>
            <tsp>52</tsp>
        </player>
        <player>
            <order>R</order>
            <lic>44</lic>
            <name>Math Bouwels</name>
            <discipline>Libre</discipline>
            <tsp>31</tsp>
        </player>
        <player>
            <order>R</order>
            <lic>45</lic>
            <name>T.de Werdt</name>
            <discipline>Libre</discipline>
            <tsp>40</tsp>
        </player>
        <player>
            <order>1</order>
            <lic>96</lic>
            <name>G.Forschelen</name>
            <discipline>Libre</discipline>
            <tsp>62</tsp>
        </player>
        <player>
            <order>R</order>
            <lic>41</lic>
            <name>J.Greefkens</name>
            <discipline>Libre</discipline>
            <tsp>40</tsp>
        </player>
        <player>
            <order>2</order>
            <lic>97</lic>
            <name>Fr.Smolenaars</name>
            <discipline>Libre</discipline>
            <tsp>60</tsp>
        </player>
        <player>
            <order>R</order>
            <lic>42</lic>
            <name>H.Goerts</name>
            <discipline>Libre</discipline>
            <tsp>31</tsp>
        </player>
        <player>
            <order>3</order>
            <lic>98</lic>
            <name>Cr.Geurts</name>
            <discipline>Libre</discipline>
            <tsp>56</tsp>
        </player>
        <player>
            <order>R</order>
            <lic>43</lic>
            <name>H.Snijkers</name>
            <discipline>Libre</discipline>
            <tsp>37</tsp>
        </player>
    </team>
    <team>
        <name>Heytse 4</name>
        <fixedplayers>1:2::3:4</fixedplayers>
        <player>
            <order>R</order>
            <lic>38</lic>
            <name>H.Hagens</name>
            <discipline>Libre</discipline>
            <tsp>42</tsp>
        </player>
        <player>
            <order>R</order>
            <lic>39</lic>
            <name>P.Beek</name>
            <discipline>Libre</discipline>
            <tsp>42</tsp>
        </player>
        <player>
            <order>1</order>
            <lic>128</lic>
            <name>L.Konickx</name>
            <discipline>Libre</discipline>
            <tsp>56</tsp>
        </player>
        <player>
            <order>2</order>
            <lic>129</lic>
            <name>J.Verkoulen</name>
            <discipline>Libre</discipline>
            <tsp>54</tsp>
        </player>
        <player>
            <order>R</order>
            <lic>40</lic>
            <name>F.vd.Wauw</name>
            <discipline>Libre</discipline>
            <tsp>40</tsp>
        </player>
        <player>
            <order>3</order>
            <lic>130</lic>
            <name>T.Thijssen</name>
            <discipline>Libre</discipline>
            <tsp>46</tsp>
        </player>
        <player>
            <order>4</order>
            <lic>131</lic>
            <name>T.Tunissen</name>
            <discipline>Libre</discipline>
            <tsp>37</tsp>
        </player>
    </team>
    <team>
        <name>De Prairie 1</name>
        <fixedplayers>1:2::3:4</fixedplayers>
        <player>
            <order>1</order>
            <lic>100</lic>
            <name>Tinus v.Lier</name>
            <discipline>Libre</discipline>
            <tsp>66</tsp>
        </player>
        <player>
            <order>2</order>
            <lic>101</lic>
            <name>B.Bongers</name>
            <discipline>Libre</discipline>
            <tsp>58</tsp>
        </player>
        <player>
            <order>3</order>
            <lic>102</lic>
            <name>Th.Heykers 1</name>
            <discipline>Libre</discipline>
            <tsp>58</tsp>
        </player>
        <player>
            <order>4</order>
            <lic>103</lic>
            <name>Th.Heykers 2</name>
            <discipline>Libre</discipline>
            <tsp>44</tsp>
        </player>
        <player>
            <order>R</order>
            <lic>15</lic>
            <name>P.Beurskens</name>
            <discipline>Libre</discipline>
            <tsp>52</tsp>
        </player>
        <player>
            <order>R</order>
            <lic>16</lic>
            <name>J.Verstappen</name>
            <discipline>Libre</discipline>
            <tsp>48</tsp>
        </player>
        <player>
            <order>R</order>
            <lic>17</lic>
            <name>J.Custers P.z.</name>
            <discipline>Libre</discipline>
            <tsp>31</tsp>
        </player>
        <player>
            <order>R</order>
            <lic>18</lic>
            <name>T.v.d.Eerthweg</name>
            <discipline>Libre</discipline>
            <tsp>34</tsp>
        </player>
    </team>
    <team>
        <name>De Oude Smidse 3</name>
        <fixedplayers>1:2::3:4</fixedplayers>
        <player>
            <order>R</order>
            <lic>12</lic>
            <name>L.Adams</name>
            <discipline>Libre</discipline>
            <tsp>46</tsp>
        </player>
        <player>
            <order>R</order>
            <lic>13</lic>
            <name>H.v.Mal</name>
            <discipline>Libre</discipline>
            <tsp>25</tsp>
        </player>
        <player>
            <order>R</order>
            <lic>14</lic>
            <name>L.Jeurninck</name>
            <discipline>Libre</discipline>
            <tsp>48</tsp>
        </player>
        <player>
            <order>1</order>
            <lic>136</lic>
            <name>H.Meewis</name>
            <discipline>Libre</discipline>
            <tsp>50</tsp>
        </player>
        <player>
            <order>2</order>
            <lic>137</lic>
            <name>H.Weekers</name>
            <discipline>Libre</discipline>
            <tsp>50</tsp>
        </player>
        <player>
            <order>3</order>
            <lic>138</lic>
            <name>H.Douven</name>
            <discipline>Libre</discipline>
            <tsp>46</tsp>
        </player>
        <player>
            <order>4</order>
            <lic>139</lic>
            <name>B.Ubachs</name>
            <discipline>Libre</discipline>
            <tsp>42</tsp>
        </player>
    </team>
    <team>
        <name>Buggenum 1</name>
        <fixedplayers>1:2::3:4</fixedplayers>
        <player>
            <order>R</order>
            <lic>5</lic>
            <name>C.Linssen</name>
            <discipline>Libre</discipline>
            <tsp>37</tsp>
        </player>
        <player>
            <order>1</order>
            <lic>116</lic>
            <name>J.Smeets</name>
            <discipline>Libre</discipline>
            <tsp>62</tsp>
        </player>
        <player>
            <order>R</order>
            <lic>6</lic>
            <name>W.Schmitz</name>
            <discipline>Libre</discipline>
            <tsp>40</tsp>
        </player>
        <player>
            <order>2</order>
            <lic>117</lic>
            <name>J.Koolen</name>
            <discipline>Libre</discipline>
            <tsp>62</tsp>
        </player>
        <player>
            <order>R</order>
            <lic>7</lic>
            <name>J.Eykenboom</name>
            <discipline>Libre</discipline>
            <tsp>42</tsp>
        </player>
        <player>
            <order>3</order>
            <lic>118</lic>
            <name>Ton Driessen</name>
            <discipline>Libre</discipline>
            <tsp>52</tsp>
        </player>
        <player>
            <order>4</order>
            <lic>119</lic>
            <name>L.Topeeters</name>
            <discipline>Libre</discipline>
            <tsp>46</tsp>
        </player>
    </team>
    <team>
        <name>De Sport 1</name>
        <fixedplayers>1:2::3:4</fixedplayers>
        <player>
            <order>1</order>
            <lic>132</lic>
            <name>M.Wetemans</name>
            <discipline>Libre</discipline>
            <tsp>58</tsp>
        </player>
        <player>
            <order>R</order>
            <lic>22</lic>
            <name>H.Verheggen</name>
            <discipline>Libre</discipline>
            <tsp>34</tsp>
        </player>
        <player>
            <order>2</order>
            <lic>133</lic>
            <name>J.Minses</name>
            <discipline>Libre</discipline>
            <tsp>50</tsp>
        </player>
        <player>
            <order>3</order>
            <lic>134</lic>
            <name>L.Bours</name>
            <discipline>Libre</discipline>
            <tsp>48</tsp>
        </player>
        <player>
            <order>4</order>
            <lic>135</lic>
            <name>C.Corsten</name>
            <discipline>Libre</discipline>
            <tsp>46</tsp>
        </player>
        <player>
            <order>R</order>
            <lic>19</lic>
            <name>S.Verstappen</name>
            <discipline>Libre</discipline>
            <tsp>44</tsp>
        </player>
        <player>
            <order>R</order>
            <lic>20</lic>
            <name>H.Driessen</name>
            <discipline>Libre</discipline>
            <tsp>37</tsp>
        </player>
        <player>
            <order>R</order>
            <lic>21</lic>
            <name>W.Wetemans</name>
            <discipline>Libre</discipline>
            <tsp>31</tsp>
        </player>
    </team>
    <team>
        <name>Heel 1</name>
        <fixedplayers>1:2::3:4</fixedplayers>
        <player>
            <order>3</order>
            <lic>110</lic>
            <name>Math Kuypers</name>
            <discipline>Libre</discipline>
            <tsp>56</tsp>
        </player>
        <player>
            <order>R</order>
            <lic>33</lic>
            <name>Jac Engelen</name>
            <discipline>Libre</discipline>
            <tsp>48</tsp>
        </player>
        <player>
            <order>4</order>
            <lic>111</lic>
            <name>Jo Simons</name>
            <discipline>Libre</discipline>
            <tsp>50</tsp>
        </player>
        <player>
            <order>R</order>
            <lic>34</lic>
            <name>Cor Gijsen</name>
            <discipline>Libre</discipline>
            <tsp>31</tsp>
        </player>
        <player>
            <order>R</order>
            <lic>35</lic>
            <name>Jan Peters</name>
            <discipline>Libre</discipline>
            <tsp>28</tsp>
        </player>
        <player>
            <order>R</order>
            <lic>36</lic>
            <name>Jan Velmans</name>
            <discipline>Libre</discipline>
            <tsp>31</tsp>
        </player>
        <player>
            <order>R</order>
            <lic>37</lic>
            <name>Jac Tubee</name>
            <discipline>Libre</discipline>
            <tsp>34</tsp>
        </player>
        <player>
            <order>1</order>
            <lic>108</lic>
            <name>Jan Delissen</name>
            <discipline>Libre</discipline>
            <tsp>60</tsp>
        </player>
        <player>
            <order>2</order>
            <lic>109</lic>
            <name>Ton Brouns</name>
            <discipline>Libre</discipline>
            <tsp>60</tsp>
        </player>
        <player>
            <order>R</order>
            <lic>31</lic>
            <name>Wiel Zee</name>
            <discipline>Libre</discipline>
            <tsp>48</tsp>
        </player>
        <player>
            <order>R</order>
            <lic>32</lic>
            <name>Henk Bos</name>
            <discipline>Libre</discipline>
            <tsp>25</tsp>
        </player>
    </team>
</competition>
