<?xml version="1.0" encoding="UTF-8"?><competition>
    <name>NTO - Klasse C</name>
    <contactname/>
    <contactemail/>
    <league>NTO</league>
    <group/>
    <pointsystem>MATCHPOINTS</pointsystem>
    <tableformat>2,30m</tableformat>
    <discipline>Vrijspel (KB)</discipline>
    <nbrofplayers>4</nbrofplayers>
    <disciplineplayers/>
    <tspplayers/>
    <team>
        <name>Aod Thoear 1</name>
        <fixedplayers>1:2::3:4</fixedplayers>
        <player>
            <order>1</order>
            <lic>188</lic>
            <name>P.de Renet</name>
            <discipline>Libre</discipline>
            <tsp>52</tsp>
        </player>
        <player>
            <order>R</order>
            <lic>1</lic>
            <name>M.Nieskens</name>
            <discipline>Libre</discipline>
            <tsp>37</tsp>
        </player>
        <player>
            <order>2</order>
            <lic>189</lic>
            <name>Jan Ramakers</name>
            <discipline>Libre</discipline>
            <tsp>50</tsp>
        </player>
        <player>
            <order>R</order>
            <lic>2</lic>
            <name>P.Wolter</name>
            <discipline>Libre</discipline>
            <tsp>28</tsp>
        </player>
        <player>
            <order>3</order>
            <lic>190</lic>
            <name>J.v.d.Leeuwen</name>
            <discipline>Libre</discipline>
            <tsp>31</tsp>
        </player>
        <player>
            <order>4</order>
            <lic>191</lic>
            <name>W.v.d.Leeuwen</name>
            <discipline>Libre</discipline>
            <tsp>28</tsp>
        </player>
    </team>
    <team>
        <name>Heel 5</name>
        <fixedplayers>1:2::3:4</fixedplayers>
        <player>
            <order>R</order>
            <lic>33</lic>
            <name>Jac Engelen</name>
            <discipline>Libre</discipline>
            <tsp>48</tsp>
        </player>
        <player>
            <order>R</order>
            <lic>34</lic>
            <name>Cor Gijsen</name>
            <discipline>Libre</discipline>
            <tsp>31</tsp>
        </player>
        <player>
            <order>R</order>
            <lic>35</lic>
            <name>Jan Peters</name>
            <discipline>Libre</discipline>
            <tsp>28</tsp>
        </player>
        <player>
            <order>R</order>
            <lic>36</lic>
            <name>Jan Velmans</name>
            <discipline>Libre</discipline>
            <tsp>31</tsp>
        </player>
        <player>
            <order>1</order>
            <lic>224</lic>
            <name>G.v.Moorsel</name>
            <discipline>Libre</discipline>
            <tsp>46</tsp>
        </player>
        <player>
            <order>R</order>
            <lic>37</lic>
            <name>Jac Tubee</name>
            <discipline>Libre</discipline>
            <tsp>34</tsp>
        </player>
        <player>
            <order>2</order>
            <lic>225</lic>
            <name>Louis Meuter</name>
            <discipline>Libre</discipline>
            <tsp>37</tsp>
        </player>
        <player>
            <order>3</order>
            <lic>226</lic>
            <name>E.v.Basten-Batenburg</name>
            <discipline>Libre</discipline>
            <tsp>25</tsp>
        </player>
        <player>
            <order>4</order>
            <lic>227</lic>
            <name>Jan Springer</name>
            <discipline>Libre</discipline>
            <tsp>25</tsp>
        </player>
        <player>
            <order>R</order>
            <lic>31</lic>
            <name>Wiel Zee</name>
            <discipline>Libre</discipline>
            <tsp>48</tsp>
        </player>
        <player>
            <order>R</order>
            <lic>32</lic>
            <name>Henk Bos</name>
            <discipline>Libre</discipline>
            <tsp>25</tsp>
        </player>
    </team>
    <team>
        <name>De Graaf 1</name>
        <fixedplayers>1:2::3:4</fixedplayers>
        <player>
            <order>4</order>
            <lic>187</lic>
            <name>Har Theunissen</name>
            <discipline>Libre</discipline>
            <tsp>37</tsp>
        </player>
        <player>
            <order>R</order>
            <lic>11</lic>
            <name>F.Hendrikx</name>
            <discipline>Libre</discipline>
            <tsp>31</tsp>
        </player>
        <player>
            <order>R</order>
            <lic>9</lic>
            <name>J.Hendrikx</name>
            <discipline>Libre</discipline>
            <tsp>31</tsp>
        </player>
        <player>
            <order>1</order>
            <lic>184</lic>
            <name>Piet Giebels</name>
            <discipline>Libre</discipline>
            <tsp>50</tsp>
        </player>
        <player>
            <order>2</order>
            <lic>185</lic>
            <name>Wim Heuyerjans</name>
            <discipline>Libre</discipline>
            <tsp>46</tsp>
        </player>
        <player>
            <order>3</order>
            <lic>186</lic>
            <name>Ruud v.Heel</name>
            <discipline>Libre</discipline>
            <tsp>42</tsp>
        </player>
        <player>
            <order>R</order>
            <lic>10</lic>
            <name>A.v.Chruchten</name>
            <discipline>Libre</discipline>
            <tsp>31</tsp>
        </player>
    </team>
    <team>
        <name>Heel 4</name>
        <fixedplayers>1:2::3:4</fixedplayers>
        <player>
            <order>R</order>
            <lic>33</lic>
            <name>Jac Engelen</name>
            <discipline>Libre</discipline>
            <tsp>48</tsp>
        </player>
        <player>
            <order>R</order>
            <lic>34</lic>
            <name>Cor Gijsen</name>
            <discipline>Libre</discipline>
            <tsp>31</tsp>
        </player>
        <player>
            <order>R</order>
            <lic>35</lic>
            <name>Jan Peters</name>
            <discipline>Libre</discipline>
            <tsp>28</tsp>
        </player>
        <player>
            <order>R</order>
            <lic>36</lic>
            <name>Jan Velmans</name>
            <discipline>Libre</discipline>
            <tsp>31</tsp>
        </player>
        <player>
            <order>R</order>
            <lic>37</lic>
            <name>Jac Tubee</name>
            <discipline>Libre</discipline>
            <tsp>34</tsp>
        </player>
        <player>
            <order>1</order>
            <lic>204</lic>
            <name>F.Delissen</name>
            <discipline>Libre</discipline>
            <tsp>44</tsp>
        </player>
        <player>
            <order>2</order>
            <lic>205</lic>
            <name>Jos Gijsen</name>
            <discipline>Libre</discipline>
            <tsp>37</tsp>
        </player>
        <player>
            <order>3</order>
            <lic>206</lic>
            <name>Frans v.d.Broek</name>
            <discipline>Libre</discipline>
            <tsp>34</tsp>
        </player>
        <player>
            <order>4</order>
            <lic>207</lic>
            <name>Hom Brouns</name>
            <discipline>Libre</discipline>
            <tsp>34</tsp>
        </player>
        <player>
            <order>R</order>
            <lic>31</lic>
            <name>Wiel Zee</name>
            <discipline>Libre</discipline>
            <tsp>48</tsp>
        </player>
        <player>
            <order>R</order>
            <lic>32</lic>
            <name>Henk Bos</name>
            <discipline>Libre</discipline>
            <tsp>25</tsp>
        </player>
    </team>
    <team>
        <name>Aod Thoear 2</name>
        <fixedplayers>1:2::3:4</fixedplayers>
        <player>
            <order>3</order>
            <lic>210</lic>
            <name>H.Lenaers</name>
            <discipline>Libre</discipline>
            <tsp>37</tsp>
        </player>
        <player>
            <order>R</order>
            <lic>1</lic>
            <name>M.Nieskens</name>
            <discipline>Libre</discipline>
            <tsp>37</tsp>
        </player>
        <player>
            <order>4</order>
            <lic>211</lic>
            <name>A.Rulkens</name>
            <discipline>Libre</discipline>
            <tsp>34</tsp>
        </player>
        <player>
            <order>R</order>
            <lic>2</lic>
            <name>P.Wolter</name>
            <discipline>Libre</discipline>
            <tsp>28</tsp>
        </player>
        <player>
            <order>1</order>
            <lic>208</lic>
            <name>W.Peters</name>
            <discipline>Libre</discipline>
            <tsp>40</tsp>
        </player>
        <player>
            <order>2</order>
            <lic>209</lic>
            <name>P.Krauwel</name>
            <discipline>Libre</discipline>
            <tsp>37</tsp>
        </player>
    </team>
    <team>
        <name>Ittervoort 3</name>
        <fixedplayers>1:2::3:4</fixedplayers>
        <player>
            <order>R</order>
            <lic>44</lic>
            <name>Math Bouwels</name>
            <discipline>Libre</discipline>
            <tsp>31</tsp>
        </player>
        <player>
            <order>R</order>
            <lic>45</lic>
            <name>T.de Werdt</name>
            <discipline>Libre</discipline>
            <tsp>40</tsp>
        </player>
        <player>
            <order>1</order>
            <lic>212</lic>
            <name>G.Wolters</name>
            <discipline>Libre</discipline>
            <tsp>42</tsp>
        </player>
        <player>
            <order>2</order>
            <lic>213</lic>
            <name>Chr.de Renett</name>
            <discipline>Libre</discipline>
            <tsp>40</tsp>
        </player>
        <player>
            <order>3</order>
            <lic>214</lic>
            <name>H.Janssen</name>
            <discipline>Libre</discipline>
            <tsp>31</tsp>
        </player>
        <player>
            <order>4</order>
            <lic>215</lic>
            <name>S.Kessels</name>
            <discipline>Libre</discipline>
            <tsp>31</tsp>
        </player>
        <player>
            <order>R</order>
            <lic>41</lic>
            <name>J.Greefkens</name>
            <discipline>Libre</discipline>
            <tsp>40</tsp>
        </player>
        <player>
            <order>R</order>
            <lic>42</lic>
            <name>H.Goerts</name>
            <discipline>Libre</discipline>
            <tsp>31</tsp>
        </player>
        <player>
            <order>R</order>
            <lic>43</lic>
            <name>H.Snijkers</name>
            <discipline>Libre</discipline>
            <tsp>37</tsp>
        </player>
    </team>
    <team>
        <name>Wessem 2</name>
        <fixedplayers>1:2::3:4</fixedplayers>
        <player>
            <order>R</order>
            <lic>55</lic>
            <name>P.Dierx</name>
            <discipline>Libre</discipline>
            <tsp>62</tsp>
        </player>
        <player>
            <order>1</order>
            <lic>200</lic>
            <name>J. Vaesen</name>
            <discipline>Libre</discipline>
            <tsp>44</tsp>
        </player>
        <player>
            <order>2</order>
            <lic>201</lic>
            <name>T.Dierx</name>
            <discipline>Libre</discipline>
            <tsp>44</tsp>
        </player>
        <player>
            <order>3</order>
            <lic>202</lic>
            <name>P.Deneer</name>
            <discipline>Libre</discipline>
            <tsp>40</tsp>
        </player>
        <player>
            <order>4</order>
            <lic>203</lic>
            <name>J.Levels</name>
            <discipline>Libre</discipline>
            <tsp>37</tsp>
        </player>
        <player>
            <order>R</order>
            <lic>53</lic>
            <name>G.v.d.Goor</name>
            <discipline>Libre</discipline>
            <tsp>37</tsp>
        </player>
        <player>
            <order>R</order>
            <lic>54</lic>
            <name>H.Smeets</name>
            <discipline>Libre</discipline>
            <tsp>31</tsp>
        </player>
    </team>
    <team>
        <name>De Oude Smidse 6</name>
        <fixedplayers>1:2::3:4</fixedplayers>
        <player>
            <order>R</order>
            <lic>12</lic>
            <name>L.Adams</name>
            <discipline>Libre</discipline>
            <tsp>46</tsp>
        </player>
        <player>
            <order>R</order>
            <lic>13</lic>
            <name>H.v.Mal</name>
            <discipline>Libre</discipline>
            <tsp>25</tsp>
        </player>
        <player>
            <order>R</order>
            <lic>14</lic>
            <name>L.Jeurninck</name>
            <discipline>Libre</discipline>
            <tsp>48</tsp>
        </player>
        <player>
            <order>1</order>
            <lic>216</lic>
            <name>J.Kurstjens</name>
            <discipline>Libre</discipline>
            <tsp>40</tsp>
        </player>
        <player>
            <order>2</order>
            <lic>217</lic>
            <name>A.Holleboom</name>
            <discipline>Libre</discipline>
            <tsp>37</tsp>
        </player>
        <player>
            <order>3</order>
            <lic>218</lic>
            <name>A.Thelen</name>
            <discipline>Libre</discipline>
            <tsp>34</tsp>
        </player>
        <player>
            <order>4</order>
            <lic>219</lic>
            <name>A.Vrancken</name>
            <discipline>Libre</discipline>
            <tsp>25</tsp>
        </player>
    </team>
    <team>
        <name>Grathem 2</name>
        <fixedplayers>1:2::3:4</fixedplayers>
        <player>
            <order>R</order>
            <lic>23</lic>
            <name>F.Custers</name>
            <discipline>Libre</discipline>
            <tsp>40</tsp>
        </player>
        <player>
            <order>R</order>
            <lic>24</lic>
            <name>J.Schreurs</name>
            <discipline>Libre</discipline>
            <tsp>40</tsp>
        </player>
        <player>
            <order>R</order>
            <lic>25</lic>
            <name>J.Jenniskens</name>
            <discipline>Libre</discipline>
            <tsp>25</tsp>
        </player>
        <player>
            <order>R</order>
            <lic>26</lic>
            <name>J.Beek</name>
            <discipline>Libre</discipline>
            <tsp>28</tsp>
        </player>
        <player>
            <order>R</order>
            <lic>27</lic>
            <name>L.Dings</name>
            <discipline>Libre</discipline>
            <tsp>25</tsp>
        </player>
        <player>
            <order>1</order>
            <lic>192</lic>
            <name>Th.Dalemans</name>
            <discipline>Libre</discipline>
            <tsp>44</tsp>
        </player>
        <player>
            <order>2</order>
            <lic>193</lic>
            <name>Geert Heykers</name>
            <discipline>Libre</discipline>
            <tsp>44</tsp>
        </player>
        <player>
            <order>3</order>
            <lic>194</lic>
            <name>W.Henderickx</name>
            <discipline>Libre</discipline>
            <tsp>37</tsp>
        </player>
        <player>
            <order>4</order>
            <lic>195</lic>
            <name>J.Lupsen</name>
            <discipline>Libre</discipline>
            <tsp>37</tsp>
        </player>
    </team>
    <team>
        <name>Grathem 3</name>
        <fixedplayers>1:2::3:4</fixedplayers>
        <player>
            <order>1</order>
            <lic>220</lic>
            <name>P.Stevens</name>
            <discipline>Libre</discipline>
            <tsp>44</tsp>
        </player>
        <player>
            <order>2</order>
            <lic>221</lic>
            <name>W.Schmitz</name>
            <discipline>Libre</discipline>
            <tsp>37</tsp>
        </player>
        <player>
            <order>R</order>
            <lic>23</lic>
            <name>F.Custers</name>
            <discipline>Libre</discipline>
            <tsp>40</tsp>
        </player>
        <player>
            <order>3</order>
            <lic>222</lic>
            <name>Th.v.Viersen</name>
            <discipline>Libre</discipline>
            <tsp>34</tsp>
        </player>
        <player>
            <order>R</order>
            <lic>24</lic>
            <name>J.Schreurs</name>
            <discipline>Libre</discipline>
            <tsp>40</tsp>
        </player>
        <player>
            <order>4</order>
            <lic>223</lic>
            <name>Jan Custers</name>
            <discipline>Libre</discipline>
            <tsp>28</tsp>
        </player>
        <player>
            <order>R</order>
            <lic>25</lic>
            <name>J.Jenniskens</name>
            <discipline>Libre</discipline>
            <tsp>25</tsp>
        </player>
        <player>
            <order>R</order>
            <lic>26</lic>
            <name>J.Beek</name>
            <discipline>Libre</discipline>
            <tsp>28</tsp>
        </player>
        <player>
            <order>R</order>
            <lic>27</lic>
            <name>L.Dings</name>
            <discipline>Libre</discipline>
            <tsp>25</tsp>
        </player>
    </team>
    <team>
        <name>Beegden 3</name>
        <fixedplayers>1:2::3:4</fixedplayers>
        <player>
            <order>3</order>
            <lic>198</lic>
            <name>C.Jeurninck</name>
            <discipline>Libre</discipline>
            <tsp>37</tsp>
        </player>
        <player>
            <order>4</order>
            <lic>199</lic>
            <name>Koos Verkoulen</name>
            <discipline>Libre</discipline>
            <tsp>34</tsp>
        </player>
        <player>
            <order>R</order>
            <lic>3</lic>
            <name>Bert Piepers</name>
            <discipline>Libre</discipline>
            <tsp>110</tsp>
        </player>
        <player>
            <order>R</order>
            <lic>4</lic>
            <name>A.Visschedijk</name>
            <discipline>Libre</discipline>
            <tsp>60</tsp>
        </player>
        <player>
            <order>1</order>
            <lic>196</lic>
            <name>J.Gubbels</name>
            <discipline>Libre</discipline>
            <tsp>46</tsp>
        </player>
        <player>
            <order>2</order>
            <lic>197</lic>
            <name>Tjeu Heltzel</name>
            <discipline>Libre</discipline>
            <tsp>44</tsp>
        </player>
    </team>
</competition>
