<?xml version="1.0" encoding="UTF-8"?><competition>
    <name>NTO - Hoofdklasse</name>
    <contactname/>
    <contactemail/>
    <league>NTO</league>
    <group/>
    <pointsystem>MATCHPOINTS</pointsystem>
    <tableformat>2,30m</tableformat>
    <discipline>Vrijspel (KB)</discipline>
    <nbrofplayers>4</nbrofplayers>
    <disciplineplayers/>
    <tspplayers/>
    <team>
        <name>De Oude Smidse 1</name>
        <fixedplayers>1:2::3:4</fixedplayers>
        <player>
            <order>R</order>
            <lic>12</lic>
            <name>L.Adams</name>
            <discipline>Libre</discipline>
            <tsp>46</tsp>
        </player>
        <player>
            <order>R</order>
            <lic>13</lic>
            <name>H.v.Mal</name>
            <discipline>Libre</discipline>
            <tsp>25</tsp>
        </player>
        <player>
            <order>R</order>
            <lic>14</lic>
            <name>L.Jeurninck</name>
            <discipline>Libre</discipline>
            <tsp>48</tsp>
        </player>
        <player>
            <order>1</order>
            <lic>80</lic>
            <name>H.Biermans</name>
            <discipline>Libre</discipline>
            <tsp>84</tsp>
        </player>
        <player>
            <order>2</order>
            <lic>81</lic>
            <name>J. Nijsen</name>
            <discipline>Libre</discipline>
            <tsp>70</tsp>
        </player>
        <player>
            <order>3</order>
            <lic>82</lic>
            <name>H.Kierkels</name>
            <discipline>Libre</discipline>
            <tsp>62</tsp>
        </player>
        <player>
            <order>4</order>
            <lic>83</lic>
            <name>H.Rijks</name>
            <discipline>Libre</discipline>
            <tsp>54</tsp>
        </player>
    </team>
    <team>
        <name>Heytse 1</name>
        <fixedplayers>1:2::3:4</fixedplayers>
        <player>
            <order>R</order>
            <lic>38</lic>
            <name>H.Hagens</name>
            <discipline>Libre</discipline>
            <tsp>42</tsp>
        </player>
        <player>
            <order>R</order>
            <lic>39</lic>
            <name>P.Beek</name>
            <discipline>Libre</discipline>
            <tsp>42</tsp>
        </player>
        <player>
            <order>1</order>
            <lic>72</lic>
            <name>W. Prinssen</name>
            <discipline>Libre</discipline>
            <tsp>84</tsp>
        </player>
        <player>
            <order>2</order>
            <lic>73</lic>
            <name>A.v.d.Kop</name>
            <discipline>Libre</discipline>
            <tsp>80</tsp>
        </player>
        <player>
            <order>R</order>
            <lic>40</lic>
            <name>F.vd.Wauw</name>
            <discipline>Libre</discipline>
            <tsp>40</tsp>
        </player>
        <player>
            <order>3</order>
            <lic>74</lic>
            <name>H.Crijns</name>
            <discipline>Libre</discipline>
            <tsp>62</tsp>
        </player>
        <player>
            <order>4</order>
            <lic>75</lic>
            <name>Ton Timmermans</name>
            <discipline>Libre</discipline>
            <tsp>50</tsp>
        </player>
    </team>
    <team>
        <name>Carambola 1</name>
        <fixedplayers>1:2::3:4</fixedplayers>
        <player>
            <order>R</order>
            <lic>8</lic>
            <name>M.Snellen</name>
            <discipline>Libre</discipline>
            <tsp>56</tsp>
        </player>
        <player>
            <order>1</order>
            <lic>92</lic>
            <name>Harrie Snellen</name>
            <discipline>Libre</discipline>
            <tsp>80</tsp>
        </player>
        <player>
            <order>2</order>
            <lic>93</lic>
            <name>Cor Greijmans</name>
            <discipline>Libre</discipline>
            <tsp>74</tsp>
        </player>
        <player>
            <order>3</order>
            <lic>94</lic>
            <name>Lei Steijvers</name>
            <discipline>Libre</discipline>
            <tsp>62</tsp>
        </player>
        <player>
            <order>4</order>
            <lic>95</lic>
            <name>Servaas Janssen</name>
            <discipline>Libre</discipline>
            <tsp>50</tsp>
        </player>
    </team>
    <team>
        <name>Wessem 1</name>
        <fixedplayers>1:2::3:4</fixedplayers>
        <player>
            <order>2</order>
            <lic>77</lic>
            <name>A. Dierx</name>
            <discipline>Libre</discipline>
            <tsp>70</tsp>
        </player>
        <player>
            <order>R</order>
            <lic>55</lic>
            <name>P.Dierx</name>
            <discipline>Libre</discipline>
            <tsp>62</tsp>
        </player>
        <player>
            <order>3</order>
            <lic>78</lic>
            <name>W.Schoenmakers</name>
            <discipline>Libre</discipline>
            <tsp>58</tsp>
        </player>
        <player>
            <order>4</order>
            <lic>79</lic>
            <name>M.Tonnaer</name>
            <discipline>Libre</discipline>
            <tsp>54</tsp>
        </player>
        <player>
            <order>R</order>
            <lic>53</lic>
            <name>G.v.d.Goor</name>
            <discipline>Libre</discipline>
            <tsp>37</tsp>
        </player>
        <player>
            <order>1</order>
            <lic>76</lic>
            <name>Jan Derickx</name>
            <discipline>Libre</discipline>
            <tsp>96</tsp>
        </player>
        <player>
            <order>R</order>
            <lic>54</lic>
            <name>H.Smeets</name>
            <discipline>Libre</discipline>
            <tsp>31</tsp>
        </player>
    </team>
    <team>
        <name>Grathem 1</name>
        <fixedplayers>1:2::3:4</fixedplayers>
        <player>
            <order>R</order>
            <lic>23</lic>
            <name>F.Custers</name>
            <discipline>Libre</discipline>
            <tsp>40</tsp>
        </player>
        <player>
            <order>1</order>
            <lic>68</lic>
            <name>J.Prinssen</name>
            <discipline>Libre</discipline>
            <tsp>126</tsp>
        </player>
        <player>
            <order>R</order>
            <lic>24</lic>
            <name>J.Schreurs</name>
            <discipline>Libre</discipline>
            <tsp>40</tsp>
        </player>
        <player>
            <order>2</order>
            <lic>69</lic>
            <name>Fr.Henderickx</name>
            <discipline>Libre</discipline>
            <tsp>74</tsp>
        </player>
        <player>
            <order>R</order>
            <lic>25</lic>
            <name>J.Jenniskens</name>
            <discipline>Libre</discipline>
            <tsp>25</tsp>
        </player>
        <player>
            <order>R</order>
            <lic>26</lic>
            <name>J.Beek</name>
            <discipline>Libre</discipline>
            <tsp>28</tsp>
        </player>
        <player>
            <order>R</order>
            <lic>27</lic>
            <name>L.Dings</name>
            <discipline>Libre</discipline>
            <tsp>25</tsp>
        </player>
        <player>
            <order>3</order>
            <lic>70</lic>
            <name>P.Henderickx</name>
            <discipline>Libre</discipline>
            <tsp>70</tsp>
        </player>
        <player>
            <order>4</order>
            <lic>71</lic>
            <name>C.Koninkx</name>
            <discipline>Libre</discipline>
            <tsp>44</tsp>
        </player>
    </team>
    <team>
        <name>Libertin 1</name>
        <fixedplayers>1:2::3:4</fixedplayers>
        <player>
            <order>1</order>
            <lic>56</lic>
            <name>Paul Dierx</name>
            <discipline>Libre</discipline>
            <tsp>104</tsp>
        </player>
        <player>
            <order>2</order>
            <lic>57</lic>
            <name>Frans Heltzel</name>
            <discipline>Libre</discipline>
            <tsp>96</tsp>
        </player>
        <player>
            <order>R</order>
            <lic>46</lic>
            <name>M Bongarts</name>
            <discipline>Libre</discipline>
            <tsp>64</tsp>
        </player>
        <player>
            <order>3</order>
            <lic>58</lic>
            <name>Rene Hamers</name>
            <discipline>Libre</discipline>
            <tsp>80</tsp>
        </player>
        <player>
            <order>R</order>
            <lic>47</lic>
            <name>P.Fusers</name>
            <discipline>Libre</discipline>
            <tsp>86</tsp>
        </player>
        <player>
            <order>4</order>
            <lic>59</lic>
            <name>Gert Smeets</name>
            <discipline>Libre</discipline>
            <tsp>76</tsp>
        </player>
        <player>
            <order>R</order>
            <lic>48</lic>
            <name>R.Joosten</name>
            <discipline>Libre</discipline>
            <tsp>94</tsp>
        </player>
        <player>
            <order>R</order>
            <lic>49</lic>
            <name>S.Koopmans</name>
            <discipline>Libre</discipline>
            <tsp>44</tsp>
        </player>
        <player>
            <order>R</order>
            <lic>50</lic>
            <name>Ine Parren</name>
            <discipline>Libre</discipline>
            <tsp>34</tsp>
        </player>
    </team>
    <team>
        <name>Beegden 1</name>
        <fixedplayers>1:2::3:4</fixedplayers>
        <player>
            <order>R</order>
            <lic>3</lic>
            <name>Bert Piepers</name>
            <discipline>Libre</discipline>
            <tsp>110</tsp>
        </player>
        <player>
            <order>R</order>
            <lic>4</lic>
            <name>A.Visschedijk</name>
            <discipline>Libre</discipline>
            <tsp>60</tsp>
        </player>
        <player>
            <order>1</order>
            <lic>60</lic>
            <name>Jo Aerts</name>
            <discipline>Libre</discipline>
            <tsp>166</tsp>
        </player>
        <player>
            <order>2</order>
            <lic>61</lic>
            <name>M. Adams</name>
            <discipline>Libre</discipline>
            <tsp>74</tsp>
        </player>
        <player>
            <order>3</order>
            <lic>62</lic>
            <name>Jan Kuypers</name>
            <discipline>Libre</discipline>
            <tsp>62</tsp>
        </player>
        <player>
            <order>4</order>
            <lic>63</lic>
            <name>Math Seems</name>
            <discipline>Libre</discipline>
            <tsp>50</tsp>
        </player>
    </team>
    <team>
        <name>Libertin 2</name>
        <fixedplayers>1:2::3:4</fixedplayers>
        <player>
            <order>R</order>
            <lic>46</lic>
            <name>M Bongarts</name>
            <discipline>Libre</discipline>
            <tsp>64</tsp>
        </player>
        <player>
            <order>R</order>
            <lic>47</lic>
            <name>P.Fusers</name>
            <discipline>Libre</discipline>
            <tsp>86</tsp>
        </player>
        <player>
            <order>R</order>
            <lic>48</lic>
            <name>R.Joosten</name>
            <discipline>Libre</discipline>
            <tsp>94</tsp>
        </player>
        <player>
            <order>R</order>
            <lic>49</lic>
            <name>S.Koopmans</name>
            <discipline>Libre</discipline>
            <tsp>44</tsp>
        </player>
        <player>
            <order>R</order>
            <lic>50</lic>
            <name>Ine Parren</name>
            <discipline>Libre</discipline>
            <tsp>34</tsp>
        </player>
        <player>
            <order>1</order>
            <lic>84</lic>
            <name>Sten Hanegraaf</name>
            <discipline>Libre</discipline>
            <tsp>90</tsp>
        </player>
        <player>
            <order>2</order>
            <lic>85</lic>
            <name>Har Bijlmakers</name>
            <discipline>Libre</discipline>
            <tsp>64</tsp>
        </player>
        <player>
            <order>3</order>
            <lic>86</lic>
            <name>Frans Wijnands</name>
            <discipline>Libre</discipline>
            <tsp>58</tsp>
        </player>
        <player>
            <order>4</order>
            <lic>87</lic>
            <name>Henk Beekmans</name>
            <discipline>Libre</discipline>
            <tsp>54</tsp>
        </player>
    </team>
    <team>
        <name>Beegden 2</name>
        <fixedplayers>1:2::3:4</fixedplayers>
        <player>
            <order>3</order>
            <lic>66</lic>
            <name>M Smeets</name>
            <discipline>Libre</discipline>
            <tsp>68</tsp>
        </player>
        <player>
            <order>4</order>
            <lic>67</lic>
            <name>P. Delissen</name>
            <discipline>Libre</discipline>
            <tsp>56</tsp>
        </player>
        <player>
            <order>R</order>
            <lic>3</lic>
            <name>Bert Piepers</name>
            <discipline>Libre</discipline>
            <tsp>110</tsp>
        </player>
        <player>
            <order>R</order>
            <lic>4</lic>
            <name>A.Visschedijk</name>
            <discipline>Libre</discipline>
            <tsp>60</tsp>
        </player>
        <player>
            <order>1</order>
            <lic>64</lic>
            <name>Will Janssen</name>
            <discipline>Libre</discipline>
            <tsp>142</tsp>
        </player>
        <player>
            <order>2</order>
            <lic>65</lic>
            <name>Sjra Theunissen</name>
            <discipline>Libre</discipline>
            <tsp>82</tsp>
        </player>
    </team>
    <team>
        <name>Tenniscenter 1</name>
        <fixedplayers>1:2::3:4</fixedplayers>
        <player>
            <order>1</order>
            <lic>88</lic>
            <name>J. Tubee</name>
            <discipline>Libre</discipline>
            <tsp>82</tsp>
        </player>
        <player>
            <order>2</order>
            <lic>89</lic>
            <name>M. Mestrom</name>
            <discipline>Libre</discipline>
            <tsp>64</tsp>
        </player>
        <player>
            <order>3</order>
            <lic>90</lic>
            <name>J.Rijks</name>
            <discipline>Libre</discipline>
            <tsp>62</tsp>
        </player>
        <player>
            <order>4</order>
            <lic>91</lic>
            <name>Pol Tubee</name>
            <discipline>Libre</discipline>
            <tsp>46</tsp>
        </player>
        <player>
            <order>R</order>
            <lic>51</lic>
            <name>Chr.Smeets</name>
            <discipline>Libre</discipline>
            <tsp>42</tsp>
        </player>
        <player>
            <order>R</order>
            <lic>52</lic>
            <name>M.Henderickx</name>
            <discipline>Libre</discipline>
            <tsp>48</tsp>
        </player>
    </team>
</competition>
