<hazelcast xmlns="http://www.hazelcast.com/schema/config" xmlns:xsi="http://www.w3.org/2001/XMLSchema-instance" xsi:schemaLocation="http://www.hazelcast.com/schema/config hazelcast-config-3.2.xsd">

    <group>
        <name>hibernate</name>
        <password>password</password>
    </group>

    <management-center enabled="false">http://localhost:8080/mancenter</management-center>
    <network>
        <port auto-increment="true" port-count="100">5701</port>
        <outbound-ports>
            <ports>0</ports>
        </outbound-ports>
        <join>
            <multicast enabled="true">
                <multicast-group>224.2.2.3</multicast-group>
                <multicast-port>54327</multicast-port>
            </multicast>
            <tcp-ip enabled="false">
                <interface>127.0.0.1</interface>
            </tcp-ip>
            <aws enabled="false">
                <access-key>my-access-key</access-key>
                <secret-key>my-secret-key</secret-key>
                <region>us-west-1</region>
                <host-header>ec2.amazonaws.com</host-header>
                <security-group-name>hazelcast-sg</security-group-name>
                <tag-key>type</tag-key>
                <tag-value>hz-nodes</tag-value>
            </aws>
        </join>
        <interfaces enabled="false">
            <interface>10.10.1.*</interface>
        </interfaces>
        <ssl enabled="false"/>
        <socket-interceptor enabled="false"/>
        <symmetric-encryption enabled="false">
            <algorithm>PBEWithMD5AndDES</algorithm>
            <salt>thesalt</salt>
            <password>thepass</password>
            <iteration-count>19</iteration-count>
        </symmetric-encryption>
    </network>

    <partition-group enabled="false"/>

    <executor-service name="default">
        <pool-size>16</pool-size>
        <queue-capacity>0</queue-capacity>
    </executor-service>

    <queue name="default">
        <max-size>0</max-size>
        <backup-count>1</backup-count>
        <async-backup-count>0</async-backup-count>
        <empty-queue-ttl>-1</empty-queue-ttl>
    </queue>

    <map name="default">
        <in-memory-format>BINARY</in-memory-format>
        <backup-count>1</backup-count>
        <read-backup-data>false</read-backup-data>
        <async-backup-count>0</async-backup-count>
        <time-to-live-seconds>0</time-to-live-seconds>
        <max-idle-seconds>0</max-idle-seconds>
        <eviction-policy>NONE</eviction-policy>
        <max-size policy="PER_NODE">0</max-size>
        <eviction-percentage>25</eviction-percentage>
        <eviction-delay-seconds>3</eviction-delay-seconds>
        <invalidate-on-change>true</invalidate-on-change>
        <merge-policy>com.hazelcast.map.merge.PassThroughMergePolicy</merge-policy>
    </map>

    <multimap name="default">
        <backup-count>1</backup-count>
        <value-collection-type>SET</value-collection-type>
    </multimap>

    <multimap name="default">
        <backup-count>1</backup-count>
        <value-collection-type>SET</value-collection-type>
    </multimap>

    <list name="default">
        <backup-count>1</backup-count>
    </list>

    <set name="default">
        <backup-count>1</backup-count>
    </set>

    <jobtracker name="default">
        <max-thread-size>0</max-thread-size>
        <!-- Queue size 0 means number of partitions * 2 -->
        <queue-size>0</queue-size>
        <retry-count>0</retry-count>
        <chunk-size>1000</chunk-size>
        <communicate-stats>true</communicate-stats>
        <topology-changed-strategy>CANCEL_RUNNING_OPERATION</topology-changed-strategy>
    </jobtracker>

    <semaphore name="default">
        <initial-permits>0</initial-permits>
        <backup-count>1</backup-count>
        <async-backup-count>0</async-backup-count>
    </semaphore>

    <serialization>
        <portable-version>0</portable-version>
    </serialization>

    <services enable-defaults="true"/>

</hazelcast>