<hazelcast xmlns:xsi="http://www.w3.org/2001/XMLSchema-instance"
           xsi:schemaLocation="http://www.hazelcast.com/schema/config
                               http://www.hazelcast.com/schema/config/hazelcast-config-3.2.xsd"
           xmlns="http://www.hazelcast.com/schema/config">
    <network>
        <join>
            <multicast enabled="true"/>
        </join>
        <ssl enabled="true">
            <factory-class-name>com.hazelcast.nio.ssl.BasicSSLContextFactory</factory-class-name>
            <properties>
                <property name="keyStore">keyStore.jks</property>
                <property name="keyStorePassword">password</property>
            </properties>
        </ssl>
    </network>
</hazelcast>