<?xml version="1.0" encoding="UTF-8"?><competition>
    <name>3e Klasse B</name>
    <contactname/>
    <contactemail/>
    <league>MLBB</league>
    <group/>
    <pointsystem>MATCHPOINTS</pointsystem>
    <tableformat>2,30m</tableformat>
    <discipline>Vrijspel (KB)</discipline>
    <nbrofplayers>3</nbrofplayers>
    <disciplineplayers/>
    <tspplayers/>
    <team>
        <name>BUGGENUM 2</name>
        <fixedplayers>5:6:7:8:</fixedplayers>
        <player>
            <order>8</order>
            <lic>3043</lic>
            <name>Schmitz, Wiel</name>
            <discipline>Vrijspel (KB)</discipline>
            <tsp>45</tsp>
        </player>
        <player>
            <order>R</order>
            <lic>3281</lic>
            <name>Berkhout, Ad</name>
            <discipline>Drieband (KB)</discipline>
            <tsp>20</tsp>
        </player>
        <player>
            <order>R</order>
            <lic>3050</lic>
            <name>Driessen, Ton</name>
            <discipline>Drieband (KB)</discipline>
            <tsp>20</tsp>
        </player>
        <player>
            <order>7</order>
            <lic>111</lic>
            <name>Topeeters, Leo</name>
            <discipline>Vrijspel (KB)</discipline>
            <tsp>50</tsp>
        </player>
        <player>
            <order>10</order>
            <lic>1106</lic>
            <name>Verhoeven, Jos</name>
            <discipline>Vrijspel (KB)</discipline>
            <tsp>32</tsp>
        </player>
        <player>
            <order>4</order>
            <lic>376</lic>
            <name>B_mers, Gerrit</name>
            <discipline>Vrijspel (KB)</discipline>
            <tsp>45</tsp>
        </player>
        <player>
            <order>R</order>
            <lic>2568</lic>
            <name>Eykenboom, John</name>
            <discipline>Vrijspel (KB)</discipline>
            <tsp>55</tsp>
        </player>
        <player>
            <order>R</order>
            <lic>3578</lic>
            <name>Linssen, Chris</name>
            <discipline>Drieband (KB)</discipline>
            <tsp>20</tsp>
        </player>
        <player>
            <order>R</order>
            <lic>3401</lic>
            <name>Smeets, Jan</name>
            <discipline>Drieband (KB)</discipline>
            <tsp>18</tsp>
        </player>
        <player>
            <order>9</order>
            <lic>746</lic>
            <name>Janssen, Wim</name>
            <discipline>Vrijspel (KB)</discipline>
            <tsp>32</tsp>
        </player>
        <player>
            <order>11</order>
            <lic>108</lic>
            <name>Peeters, Frans</name>
            <discipline>Vrijspel (KB)</discipline>
            <tsp>32</tsp>
        </player>
        <player>
            <order>13</order>
            <lic>1829</lic>
            <name>Heiligers, Roger</name>
            <discipline>Vrijspel (KB)</discipline>
            <tsp>28</tsp>
        </player>
        <player>
            <order>R</order>
            <lic>1716</lic>
            <name>Linden v.d., Bart</name>
            <discipline>Vrijspel (KB)</discipline>
            <tsp>45</tsp>
        </player>
        <player>
            <order>R</order>
            <lic>1769</lic>
            <name>Koolen, Jo</name>
            <discipline>Drieband (KB)</discipline>
            <tsp>20</tsp>
        </player>
        <player>
            <order>12</order>
            <lic>1956</lic>
            <name>Smeets, Jo</name>
            <discipline>Vrijspel (KB)</discipline>
            <tsp>34</tsp>
        </player>
    </team>
    <team>
        <name>KLUMPKE 'T 3</name>
        <fixedplayers>8:9:10:11:</fixedplayers>
        <player>
            <order>R</order>
            <lic>3881</lic>
            <name>D_renberg, Sef</name>
            <discipline>Vrijspel (KB)</discipline>
            <tsp>29</tsp>
        </player>
        <player>
            <order>2</order>
            <lic>395</lic>
            <name>Engelen, Pierre</name>
            <discipline>Vrijspel (KB)</discipline>
            <tsp>85</tsp>
        </player>
        <player>
            <order>R</order>
            <lic>397</lic>
            <name>Gommans, Cor</name>
            <discipline>Vrijspel (KB)</discipline>
            <tsp>50</tsp>
        </player>
        <player>
            <order>R</order>
            <lic>2987</lic>
            <name>Vaessen, Ger</name>
            <discipline>Vrijspel (KB)</discipline>
            <tsp>70</tsp>
        </player>
        <player>
            <order>3</order>
            <lic>510</lic>
            <name>Dingelstad, Louis</name>
            <discipline>Vrijspel (KB)</discipline>
            <tsp>80</tsp>
        </player>
        <player>
            <order>12</order>
            <lic>3457</lic>
            <name>Cretz, Patrick</name>
            <discipline>Vrijspel (KB)</discipline>
            <tsp>50</tsp>
        </player>
        <player>
            <order>5</order>
            <lic>1751</lic>
            <name>Quicken, Huub</name>
            <discipline>Vrijspel (KB)</discipline>
            <tsp>65</tsp>
        </player>
        <player>
            <order>4</order>
            <lic>413</lic>
            <name>Weynen, Jos</name>
            <discipline>Vrijspel (KB)</discipline>
            <tsp>65</tsp>
        </player>
        <player>
            <order>6</order>
            <lic>512</lic>
            <name>Eggels, Jac</name>
            <discipline>Vrijspel (KB)</discipline>
            <tsp>65</tsp>
        </player>
        <player>
            <order>R</order>
            <lic>516</lic>
            <name>Lai, Giorgio</name>
            <discipline>Vrijspel (KB)</discipline>
            <tsp>50</tsp>
        </player>
        <player>
            <order>R</order>
            <lic>94</lic>
            <name>Peters, Andr_</name>
            <discipline>Vrijspel (KB)</discipline>
            <tsp>85</tsp>
        </player>
        <player>
            <order>R</order>
            <lic>1129</lic>
            <name>Slabbers, Wiel</name>
            <discipline>Vrijspel (KB)</discipline>
            <tsp>45</tsp>
        </player>
        <player>
            <order>1</order>
            <lic>1744</lic>
            <name>Geerlings, Mat</name>
            <discipline>Vrijspel (KB)</discipline>
            <tsp>100</tsp>
        </player>
        <player>
            <order>8</order>
            <lic>2830</lic>
            <name>Jordan, Michael</name>
            <discipline>Vrijspel (KB)</discipline>
            <tsp>60</tsp>
        </player>
        <player>
            <order>R</order>
            <lic>400</lic>
            <name>Heynen, Tuur</name>
            <discipline>Vrijspel (KB)</discipline>
            <tsp>70</tsp>
        </player>
        <player>
            <order>17</order>
            <lic>2213</lic>
            <name>Kuijpers, Henk</name>
            <discipline>Vrijspel (KB)</discipline>
            <tsp>40</tsp>
        </player>
        <player>
            <order>R</order>
            <lic>522</lic>
            <name>Ridderbecks, Henk</name>
            <discipline>Vrijspel (KB)</discipline>
            <tsp>65</tsp>
        </player>
        <player>
            <order>9</order>
            <lic>1860</lic>
            <name>Kotschi, Walter</name>
            <discipline>Vrijspel (KB)</discipline>
            <tsp>60</tsp>
        </player>
        <player>
            <order>23</order>
            <lic>2794</lic>
            <name>Slabbers, Gerda</name>
            <discipline>Vrijspel (KB)</discipline>
            <tsp>25</tsp>
        </player>
        <player>
            <order>13</order>
            <lic>525</lic>
            <name>Bie de, Rinus</name>
            <discipline>Vrijspel (KB)</discipline>
            <tsp>45</tsp>
        </player>
        <player>
            <order>14</order>
            <lic>3663</lic>
            <name>Schaefer, Theo</name>
            <discipline>Vrijspel (KB)</discipline>
            <tsp>45</tsp>
        </player>
        <player>
            <order>18</order>
            <lic>3861</lic>
            <name>Pansters, Ronny</name>
            <discipline>Vrijspel (KB)</discipline>
            <tsp>25</tsp>
        </player>
        <player>
            <order>7</order>
            <lic>505</lic>
            <name>Beckers, Joep</name>
            <discipline>Vrijspel (KB)</discipline>
            <tsp>60</tsp>
        </player>
        <player>
            <order>15</order>
            <lic>3765</lic>
            <name>Schmeitz, Miranda</name>
            <discipline>Vrijspel (KB)</discipline>
            <tsp>27</tsp>
        </player>
        <player>
            <order>R</order>
            <lic>2717</lic>
            <name>Vintcent, Marc</name>
            <discipline>Vrijspel (KB)</discipline>
            <tsp>125</tsp>
        </player>
    </team>
    <team>
        <name>WESSEM 3</name>
        <fixedplayers>8:9:10:11:</fixedplayers>
        <player>
            <order>R</order>
            <lic>929</lic>
            <name>Vogels, Piet</name>
            <discipline>Vrijspel (KB)</discipline>
            <tsp>45</tsp>
        </player>
        <player>
            <order>R</order>
            <lic>1385</lic>
            <name>Driessens, Harry</name>
            <discipline>Vrijspel (KB)</discipline>
            <tsp>70</tsp>
        </player>
        <player>
            <order>5</order>
            <lic>1384</lic>
            <name>Lommen, Arthur</name>
            <discipline>Vrijspel (KB)</discipline>
            <tsp>65</tsp>
        </player>
        <player>
            <order>R</order>
            <lic>2252</lic>
            <name>Goor van der, Ger</name>
            <discipline>Vrijspel (KB)</discipline>
            <tsp>45</tsp>
        </player>
        <player>
            <order>10</order>
            <lic>3458</lic>
            <name>Tubee, Jac</name>
            <discipline>Vrijspel (KB)</discipline>
            <tsp>50</tsp>
        </player>
        <player>
            <order>1</order>
            <lic>1862</lic>
            <name>Smolenaars, Richard</name>
            <discipline>Vrijspel (KB)</discipline>
            <tsp>105</tsp>
        </player>
        <player>
            <order>R</order>
            <lic>1367</lic>
            <name>Bidlot, Pieter</name>
            <discipline>Vrijspel (KB)</discipline>
            <tsp>95</tsp>
        </player>
        <player>
            <order>7</order>
            <lic>1520</lic>
            <name>Schoenmakers, Wim</name>
            <discipline>Vrijspel (KB)</discipline>
            <tsp>55</tsp>
        </player>
        <player>
            <order>R</order>
            <lic>1377</lic>
            <name>Deneer, Toon</name>
            <discipline>Vrijspel (KB)</discipline>
            <tsp>55</tsp>
        </player>
        <player>
            <order>3</order>
            <lic>1387</lic>
            <name>Smeets, Paul</name>
            <discipline>Vrijspel (KB)</discipline>
            <tsp>55</tsp>
        </player>
        <player>
            <order>R</order>
            <lic>1376</lic>
            <name>Dierx, Mathieu</name>
            <discipline>Vrijspel (KB)</discipline>
            <tsp>65</tsp>
        </player>
        <player>
            <order>2</order>
            <lic>1386</lic>
            <name>Roumen, Peter</name>
            <discipline>Vrijspel (KB)</discipline>
            <tsp>75</tsp>
        </player>
        <player>
            <order>6</order>
            <lic>931</lic>
            <name>Dierx, Pierre</name>
            <discipline>Vrijspel (KB)</discipline>
            <tsp>60</tsp>
        </player>
        <player>
            <order>9</order>
            <lic>1939</lic>
            <name>Methorst, Henk</name>
            <discipline>Vrijspel (KB)</discipline>
            <tsp>50</tsp>
        </player>
        <player>
            <order>R</order>
            <lic>2817</lic>
            <name>Zeelen, Iwan</name>
            <discipline>Vrijspel (KB)</discipline>
            <tsp>45</tsp>
        </player>
        <player>
            <order>8</order>
            <lic>2816</lic>
            <name>Hendriks, Robert</name>
            <discipline>Vrijspel (KB)</discipline>
            <tsp>55</tsp>
        </player>
        <player>
            <order>R</order>
            <lic>2815</lic>
            <name>Deneer, Peter</name>
            <discipline>Vrijspel (KB)</discipline>
            <tsp>40</tsp>
        </player>
        <player>
            <order>4</order>
            <lic>927</lic>
            <name>Dierx, Ton</name>
            <discipline>Vrijspel (KB)</discipline>
            <tsp>80</tsp>
        </player>
        <player>
            <order>11</order>
            <lic>928</lic>
            <name>Deneer, Jan</name>
            <discipline>Vrijspel (KB)</discipline>
            <tsp>45</tsp>
        </player>
    </team>
    <team>
        <name>STER DE 1</name>
        <fixedplayers>1:2:3:4:</fixedplayers>
        <player>
            <order>1</order>
            <lic>1080</lic>
            <name>Linden v.d., Andr_</name>
            <discipline>Vrijspel (KB)</discipline>
            <tsp>55</tsp>
        </player>
        <player>
            <order>R</order>
            <lic>3782</lic>
            <name>Reijnders, Leon</name>
            <discipline>Vrijspel (KB)</discipline>
            <tsp>50</tsp>
        </player>
        <player>
            <order>8</order>
            <lic>1088</lic>
            <name>Wolf de, Theo</name>
            <discipline>Vrijspel (KB)</discipline>
            <tsp>45</tsp>
        </player>
        <player>
            <order>R</order>
            <lic>1077</lic>
            <name>Eijkelhardt, Hans</name>
            <discipline>Vrijspel (KB)</discipline>
            <tsp>75</tsp>
        </player>
        <player>
            <order>4</order>
            <lic>1064</lic>
            <name>Kessels, Theo</name>
            <discipline>Vrijspel (KB)</discipline>
            <tsp>45</tsp>
        </player>
        <player>
            <order>5</order>
            <lic>1075</lic>
            <name>Broens, John</name>
            <discipline>Vrijspel (KB)</discipline>
            <tsp>50</tsp>
        </player>
        <player>
            <order>2</order>
            <lic>3274</lic>
            <name>Haye de la, Joep</name>
            <discipline>Vrijspel (KB)</discipline>
            <tsp>50</tsp>
        </player>
        <player>
            <order>6</order>
            <lic>1074</lic>
            <name>Bremmers, Guus</name>
            <discipline>Vrijspel (KB)</discipline>
            <tsp>50</tsp>
        </player>
        <player>
            <order>R</order>
            <lic>1085</lic>
            <name>Strous, Jo</name>
            <discipline>Vrijspel (KB)</discipline>
            <tsp>65</tsp>
        </player>
        <player>
            <order>R</order>
            <lic>1082</lic>
            <name>Frencken, Math</name>
            <discipline>Vrijspel (KB)</discipline>
            <tsp>29</tsp>
        </player>
        <player>
            <order>3</order>
            <lic>2895</lic>
            <name>Linden v.d., Wiljan</name>
            <discipline>Vrijspel (KB)</discipline>
            <tsp>50</tsp>
        </player>
        <player>
            <order>R</order>
            <lic>2466</lic>
            <name>Cox, Dr_</name>
            <discipline>Vrijspel (KB)</discipline>
            <tsp>45</tsp>
        </player>
        <player>
            <order>R</order>
            <lic>1640</lic>
            <name>Engelen, Ad</name>
            <discipline>Vrijspel (KB)</discipline>
            <tsp>45</tsp>
        </player>
        <player>
            <order>7</order>
            <lic>1089</lic>
            <name>Zegers, Theo</name>
            <discipline>Vrijspel (KB)</discipline>
            <tsp>45</tsp>
        </player>
        <player>
            <order>R</order>
            <lic>2541</lic>
            <name>Eijkelhardt, Jan</name>
            <discipline>Vrijspel (KB)</discipline>
            <tsp>40</tsp>
        </player>
    </team>
    <team>
        <name>GRAAF DE 1</name>
        <fixedplayers>1:2:3:4:</fixedplayers>
        <player>
            <order>R</order>
            <lic>3650</lic>
            <name>Hendrikx, Frans</name>
            <discipline>Vrijspel (KB)</discipline>
            <tsp>40</tsp>
        </player>
        <player>
            <order>R</order>
            <lic>3651</lic>
            <name>Hendrick, Jac</name>
            <discipline>Vrijspel (KB)</discipline>
            <tsp>40</tsp>
        </player>
        <player>
            <order>11</order>
            <lic>2782</lic>
            <name>Knoops, Henk</name>
            <discipline>Vrijspel (KB)</discipline>
            <tsp>45</tsp>
        </player>
        <player>
            <order>R</order>
            <lic>2781</lic>
            <name>Knoops, Eric</name>
            <discipline>Vrijspel (KB)</discipline>
            <tsp>60</tsp>
        </player>
        <player>
            <order>R</order>
            <lic>2780</lic>
            <name>Diederen, Ralf</name>
            <discipline>Vrijspel (KB)</discipline>
            <tsp>45</tsp>
        </player>
        <player>
            <order>4</order>
            <lic>3283</lic>
            <name>Waeijen, Petra</name>
            <discipline>Vrijspel (KB)</discipline>
            <tsp>40</tsp>
        </player>
        <player>
            <order>R</order>
            <lic>3282</lic>
            <name>Waeijen, Niek</name>
            <discipline>Vrijspel (KB)</discipline>
            <tsp>40</tsp>
        </player>
        <player>
            <order>7</order>
            <lic>3715</lic>
            <name>Heel van, Ruud</name>
            <discipline>Vrijspel (KB)</discipline>
            <tsp>45</tsp>
        </player>
        <player>
            <order>6</order>
            <lic>3716</lic>
            <name>Kunder de, Ronald</name>
            <discipline>Vrijspel (KB)</discipline>
            <tsp>45</tsp>
        </player>
        <player>
            <order>R</order>
            <lic>3614</lic>
            <name>Timmermans, Ed</name>
            <discipline>Vrijspel (KB)</discipline>
            <tsp>40</tsp>
        </player>
        <player>
            <order>5</order>
            <lic>3717</lic>
            <name>Peters, Jimi</name>
            <discipline>Vrijspel (KB)</discipline>
            <tsp>55</tsp>
        </player>
        <player>
            <order>R</order>
            <lic>378</lic>
            <name>Cruchten van, Arno</name>
            <discipline>Vrijspel (KB)</discipline>
            <tsp>33</tsp>
        </player>
        <player>
            <order>R</order>
            <lic>3808</lic>
            <name>Goor van, Chris</name>
            <discipline>Vrijspel (KB)</discipline>
            <tsp>40</tsp>
        </player>
        <player>
            <order>10</order>
            <lic>1563</lic>
            <name>Crijnen, Rob</name>
            <discipline>Vrijspel (KB)</discipline>
            <tsp>45</tsp>
        </player>
        <player>
            <order>R</order>
            <lic>3809</lic>
            <name>Levels, Remco</name>
            <discipline>Vrijspel (KB)</discipline>
            <tsp>40</tsp>
        </player>
        <player>
            <order>R</order>
            <lic>338</lic>
            <name>Theunissen, Har</name>
            <discipline>Vrijspel (KB)</discipline>
            <tsp>45</tsp>
        </player>
        <player>
            <order>2</order>
            <lic>3687</lic>
            <name>Giebels, Piet</name>
            <discipline>Vrijspel (KB)</discipline>
            <tsp>50</tsp>
        </player>
        <player>
            <order>3</order>
            <lic>846</lic>
            <name>Heuyerjans, Wim</name>
            <discipline>Vrijspel (KB)</discipline>
            <tsp>50</tsp>
        </player>
        <player>
            <order>1</order>
            <lic>3810</lic>
            <name>Muijzers, Harry</name>
            <discipline>Vrijspel (KB)</discipline>
            <tsp>60</tsp>
        </player>
        <player>
            <order>8</order>
            <lic>3878</lic>
            <name>Gubbels, Roel</name>
            <discipline>Vrijspel (KB)</discipline>
            <tsp>29</tsp>
        </player>
        <player>
            <order>9</order>
            <lic>1714</lic>
            <name>Kunder de, Han</name>
            <discipline>Vrijspel (KB)</discipline>
            <tsp>45</tsp>
        </player>
        <player>
            <order>12</order>
            <lic>3856</lic>
            <name>Cuypers, Riny</name>
            <discipline>Vrijspel (KB)</discipline>
            <tsp>21</tsp>
        </player>
    </team>
    <team>
        <name>SPORT DE 1</name>
        <fixedplayers>1:2:3:4:</fixedplayers>
        <player>
            <order>R</order>
            <lic>3595</lic>
            <name>Briels, Peter</name>
            <discipline>Vrijspel (KB)</discipline>
            <tsp>33</tsp>
        </player>
        <player>
            <order>12</order>
            <lic>383</lic>
            <name>Kirkels, Thijs</name>
            <discipline>Vrijspel (KB)</discipline>
            <tsp>40</tsp>
        </player>
        <player>
            <order>3</order>
            <lic>2603</lic>
            <name>Corsten, Chris</name>
            <discipline>Vrijspel (KB)</discipline>
            <tsp>45</tsp>
        </player>
        <player>
            <order>8</order>
            <lic>1316</lic>
            <name>Boom v.d., Mathieu</name>
            <discipline>Vrijspel (KB)</discipline>
            <tsp>40</tsp>
        </player>
        <player>
            <order>9</order>
            <lic>243</lic>
            <name>Brunenberg, Thei</name>
            <discipline>Vrijspel (KB)</discipline>
            <tsp>45</tsp>
        </player>
        <player>
            <order>R</order>
            <lic>2685</lic>
            <name>Schroeten, Peter</name>
            <discipline>Vrijspel (KB)</discipline>
            <tsp>50</tsp>
        </player>
        <player>
            <order>1</order>
            <lic>799</lic>
            <name>Smolenaars, Jac</name>
            <discipline>Vrijspel (KB)</discipline>
            <tsp>70</tsp>
        </player>
        <player>
            <order>2</order>
            <lic>2684</lic>
            <name>Minses, Jo</name>
            <discipline>Vrijspel (KB)</discipline>
            <tsp>55</tsp>
        </player>
        <player>
            <order>6</order>
            <lic>822</lic>
            <name>Jeurninck, Cor</name>
            <discipline>Vrijspel (KB)</discipline>
            <tsp>45</tsp>
        </player>
        <player>
            <order>R</order>
            <lic>803</lic>
            <name>Verstappen, Sjra</name>
            <discipline>Vrijspel (KB)</discipline>
            <tsp>45</tsp>
        </player>
        <player>
            <order>R</order>
            <lic>3722</lic>
            <name>Geraets, Frits</name>
            <discipline>Vrijspel (KB)</discipline>
            <tsp>50</tsp>
        </player>
        <player>
            <order>5</order>
            <lic>838</lic>
            <name>Hermans, Jorge</name>
            <discipline>Vrijspel (KB)</discipline>
            <tsp>65</tsp>
        </player>
        <player>
            <order>7</order>
            <lic>849</lic>
            <name>Schrurs, Harry</name>
            <discipline>Vrijspel (KB)</discipline>
            <tsp>40</tsp>
        </player>
        <player>
            <order>R</order>
            <lic>3877</lic>
            <name>Raemakers, Peter</name>
            <discipline>Vrijspel (KB)</discipline>
            <tsp>40</tsp>
        </player>
        <player>
            <order>4</order>
            <lic>1549</lic>
            <name>Schrurs, Sjef</name>
            <discipline>Vrijspel (KB)</discipline>
            <tsp>45</tsp>
        </player>
        <player>
            <order>10</order>
            <lic>1537</lic>
            <name>Ogier, Sjaak</name>
            <discipline>Vrijspel (KB)</discipline>
            <tsp>40</tsp>
        </player>
        <player>
            <order>11</order>
            <lic>3659</lic>
            <name>Briels, Johan</name>
            <discipline>Vrijspel (KB)</discipline>
            <tsp>40</tsp>
        </player>
    </team>
    <team>
        <name>BREER DE 2</name>
        <fixedplayers>5:6:7:8:</fixedplayers>
        <player>
            <order>8</order>
            <lic>3563</lic>
            <name>Schaefer, Mart</name>
            <discipline>Vrijspel (KB)</discipline>
            <tsp>50</tsp>
        </player>
        <player>
            <order>12</order>
            <lic>1230</lic>
            <name>Fermont, John</name>
            <discipline>Vrijspel (KB)</discipline>
            <tsp>50</tsp>
        </player>
        <player>
            <order>R</order>
            <lic>1461</lic>
            <name>Lutgens, Ger</name>
            <discipline>Vrijspel (KB)</discipline>
            <tsp>60</tsp>
        </player>
        <player>
            <order>9</order>
            <lic>3495</lic>
            <name>Schuman, Sonny</name>
            <discipline>Vrijspel (KB)</discipline>
            <tsp>55</tsp>
        </player>
        <player>
            <order>10</order>
            <lic>3066</lic>
            <name>Fermont, Jannie</name>
            <discipline>Vrijspel (KB)</discipline>
            <tsp>50</tsp>
        </player>
        <player>
            <order>4</order>
            <lic>3130</lic>
            <name>Balendonck, Tjeerd</name>
            <discipline>Vrijspel (KB)</discipline>
            <tsp>55</tsp>
        </player>
        <player>
            <order>13</order>
            <lic>3064</lic>
            <name>Balendonck, Jo</name>
            <discipline>Vrijspel (KB)</discipline>
            <tsp>45</tsp>
        </player>
        <player>
            <order>15</order>
            <lic>2382</lic>
            <name>Masolijn, Piet</name>
            <discipline>Vrijspel (KB)</discipline>
            <tsp>40</tsp>
        </player>
        <player>
            <order>R</order>
            <lic>3493</lic>
            <name>Burhenne, Don</name>
            <discipline>Vrijspel (KB)</discipline>
            <tsp>40</tsp>
        </player>
        <player>
            <order>16</order>
            <lic>3063</lic>
            <name>Simons, Frans</name>
            <discipline>Vrijspel (KB)</discipline>
            <tsp>31</tsp>
        </player>
        <player>
            <order>3</order>
            <lic>3062</lic>
            <name>Balendonck, Ton</name>
            <discipline>Vrijspel (KB)</discipline>
            <tsp>55</tsp>
        </player>
        <player>
            <order>R</order>
            <lic>2975</lic>
            <name>Looyen, Leo</name>
            <discipline>Vrijspel (KB)</discipline>
            <tsp>31</tsp>
        </player>
        <player>
            <order>R</order>
            <lic>1841</lic>
            <name>Beek v.d., Robert</name>
            <discipline>Vrijspel (KB)</discipline>
            <tsp>60</tsp>
        </player>
        <player>
            <order>2</order>
            <lic>2972</lic>
            <name>Fermont, Marcel</name>
            <discipline>Vrijspel (KB)</discipline>
            <tsp>55</tsp>
        </player>
        <player>
            <order>6</order>
            <lic>3422</lic>
            <name>Damen, Sjengy</name>
            <discipline>Vrijspel (KB)</discipline>
            <tsp>55</tsp>
        </player>
        <player>
            <order>14</order>
            <lic>3444</lic>
            <name>Ketelaars, Har</name>
            <discipline>Vrijspel (KB)</discipline>
            <tsp>40</tsp>
        </player>
        <player>
            <order>5</order>
            <lic>1441</lic>
            <name>Winters, Hiel</name>
            <discipline>Vrijspel (KB)</discipline>
            <tsp>60</tsp>
        </player>
        <player>
            <order>7</order>
            <lic>1507</lic>
            <name>Verkoulen, Jokke</name>
            <discipline>Vrijspel (KB)</discipline>
            <tsp>50</tsp>
        </player>
        <player>
            <order>R</order>
            <lic>1947</lic>
            <name>Surprise, Steve</name>
            <discipline>Vrijspel (KB)</discipline>
            <tsp>60</tsp>
        </player>
        <player>
            <order>1</order>
            <lic>2318</lic>
            <name>Smeets, Ron</name>
            <discipline>Vrijspel (KB)</discipline>
            <tsp>60</tsp>
        </player>
        <player>
            <order>11</order>
            <lic>3407</lic>
            <name>Schuman, Jo</name>
            <discipline>Vrijspel (KB)</discipline>
            <tsp>50</tsp>
        </player>
    </team>
    <team>
        <name>HAAZE-HOOF 2</name>
        <fixedplayers>4:5:6:7:</fixedplayers>
        <player>
            <order>R</order>
            <lic>2735</lic>
            <name>Rutjens, Aad</name>
            <discipline>Vrijspel (KB)</discipline>
            <tsp>27</tsp>
        </player>
        <player>
            <order>R</order>
            <lic>2734</lic>
            <name>Manders, Frans</name>
            <discipline>Vrijspel (KB)</discipline>
            <tsp>55</tsp>
        </player>
        <player>
            <order>7</order>
            <lic>2469</lic>
            <name>Hoof van, Jan</name>
            <discipline>Vrijspel (KB)</discipline>
            <tsp>50</tsp>
        </player>
        <player>
            <order>6</order>
            <lic>2468</lic>
            <name>Hermans, Koos</name>
            <discipline>Vrijspel (KB)</discipline>
            <tsp>50</tsp>
        </player>
        <player>
            <order>5</order>
            <lic>2893</lic>
            <name>Wijen, Jan</name>
            <discipline>Vrijspel (KB)</discipline>
            <tsp>55</tsp>
        </player>
        <player>
            <order>4</order>
            <lic>3696</lic>
            <name>Wijk van, Theo</name>
            <discipline>Vrijspel (KB)</discipline>
            <tsp>60</tsp>
        </player>
        <player>
            <order>R</order>
            <lic>2892</lic>
            <name>Frenken, Toon</name>
            <discipline>Vrijspel (KB)</discipline>
            <tsp>40</tsp>
        </player>
        <player>
            <order>R</order>
            <lic>2472</lic>
            <name>Spitters, Henk</name>
            <discipline>Vrijspel (KB)</discipline>
            <tsp>60</tsp>
        </player>
        <player>
            <order>3</order>
            <lic>2471</lic>
            <name>Raemakers, Piet</name>
            <discipline>Vrijspel (KB)</discipline>
            <tsp>50</tsp>
        </player>
        <player>
            <order>2</order>
            <lic>2859</lic>
            <name>Raemakers, Wiel</name>
            <discipline>Vrijspel (KB)</discipline>
            <tsp>85</tsp>
        </player>
        <player>
            <order>1</order>
            <lic>2549</lic>
            <name>Frenken, Bill</name>
            <discipline>Vrijspel (KB)</discipline>
            <tsp>130</tsp>
        </player>
    </team>
    <team>
        <name>JACHTHUIS 'T 2</name>
        <fixedplayers>5:6:7:8:</fixedplayers>
        <player>
            <order>R</order>
            <lic>1484</lic>
            <name>Masseling, Jaap</name>
            <discipline>Vrijspel (KB)</discipline>
            <tsp>50</tsp>
        </player>
        <player>
            <order>11</order>
            <lic>3054</lic>
            <name>Vinken, Luc</name>
            <discipline>Vrijspel (KB)</discipline>
            <tsp>40</tsp>
        </player>
        <player>
            <order>10</order>
            <lic>2294</lic>
            <name>Joosten, Mart</name>
            <discipline>Vrijspel (KB)</discipline>
            <tsp>50</tsp>
        </player>
        <player>
            <order>3</order>
            <lic>1701</lic>
            <name>Soentjens, Geert</name>
            <discipline>Vrijspel (KB)</discipline>
            <tsp>60</tsp>
        </player>
        <player>
            <order>8</order>
            <lic>1424</lic>
            <name>Koolen, Louis</name>
            <discipline>Vrijspel (KB)</discipline>
            <tsp>45</tsp>
        </player>
        <player>
            <order>6</order>
            <lic>3204</lic>
            <name>Dor_, John</name>
            <discipline>Vrijspel (KB)</discipline>
            <tsp>55</tsp>
        </player>
        <player>
            <order>2</order>
            <lic>1696</lic>
            <name>Hilgers, Huib</name>
            <discipline>Vrijspel (KB)</discipline>
            <tsp>70</tsp>
        </player>
        <player>
            <order>7</order>
            <lic>1025</lic>
            <name>Timmermans, Bert</name>
            <discipline>Vrijspel (KB)</discipline>
            <tsp>45</tsp>
        </player>
        <player>
            <order>5</order>
            <lic>1013</lic>
            <name>Suntjens, Sibert</name>
            <discipline>Vrijspel (KB)</discipline>
            <tsp>55</tsp>
        </player>
        <player>
            <order>R</order>
            <lic>1695</lic>
            <name>Cobben, Sef</name>
            <discipline>Vrijspel (KB)</discipline>
            <tsp>35</tsp>
        </player>
        <player>
            <order>1</order>
            <lic>1980</lic>
            <name>Hoogmans, Thijs</name>
            <discipline>Vrijspel (KB)</discipline>
            <tsp>80</tsp>
        </player>
        <player>
            <order>9</order>
            <lic>1012</lic>
            <name>Rulkens, Mat</name>
            <discipline>Vrijspel (KB)</discipline>
            <tsp>55</tsp>
        </player>
        <player>
            <order>12</order>
            <lic>3732</lic>
            <name>Jeurninck, Corn_</name>
            <discipline>Vrijspel (KB)</discipline>
            <tsp>40</tsp>
        </player>
        <player>
            <order>R</order>
            <lic>53</lic>
            <name>Delissen, Jan</name>
            <discipline>Vrijspel (KB)</discipline>
            <tsp>50</tsp>
        </player>
        <player>
            <order>4</order>
            <lic>1702</lic>
            <name>Ramaekers, Geert</name>
            <discipline>Vrijspel (KB)</discipline>
            <tsp>45</tsp>
        </player>
        <player>
            <order>R</order>
            <lic>1977</lic>
            <name>Delissen, Hugo</name>
            <discipline>Vrijspel (KB)</discipline>
            <tsp>50</tsp>
        </player>
    </team>
    <team>
        <name>TOP 3</name>
        <fixedplayers>8:9:10:11:</fixedplayers>
        <player>
            <order>R</order>
            <lic>2190</lic>
            <name>Hofkens, Lei</name>
            <discipline>Drieband (KB)</discipline>
            <tsp>24</tsp>
        </player>
        <player>
            <order>R</order>
            <lic>1220</lic>
            <name>Sliepen, Jos</name>
            <discipline>Vrijspel (KB)</discipline>
            <tsp>29</tsp>
        </player>
        <player>
            <order>6</order>
            <lic>3583</lic>
            <name>Geurtjens, Cees</name>
            <discipline>Vrijspel (KB)</discipline>
            <tsp>65</tsp>
        </player>
        <player>
            <order>R</order>
            <lic>2494</lic>
            <name>Lupinu, Salvatore</name>
            <discipline>Drieband (KB)</discipline>
            <tsp>22</tsp>
        </player>
        <player>
            <order>R</order>
            <lic>2030</lic>
            <name>Slaats, Mart</name>
            <discipline>Drieband (KB)</discipline>
            <tsp>26</tsp>
        </player>
        <player>
            <order>R</order>
            <lic>332</lic>
            <name>Seuren, Koos</name>
            <discipline>Drieband (KB)</discipline>
            <tsp>26</tsp>
        </player>
        <player>
            <order>R</order>
            <lic>1534</lic>
            <name>Frenken, Helmut</name>
            <discipline>Vrijspel (KB)</discipline>
            <tsp>65</tsp>
        </player>
        <player>
            <order>R</order>
            <lic>3558</lic>
            <name>Osterop, Har</name>
            <discipline>Vrijspel (KB)</discipline>
            <tsp>27</tsp>
        </player>
        <player>
            <order>8</order>
            <lic>2820</lic>
            <name>Keizers, Ruud</name>
            <discipline>Vrijspel (KB)</discipline>
            <tsp>60</tsp>
        </player>
        <player>
            <order>R</order>
            <lic>1214</lic>
            <name>Neelen, Frans</name>
            <discipline>Vrijspel (KB)</discipline>
            <tsp>40</tsp>
        </player>
        <player>
            <order>12</order>
            <lic>2269</lic>
            <name>Nott_, Wim</name>
            <discipline>Vrijspel (KB)</discipline>
            <tsp>50</tsp>
        </player>
        <player>
            <order>5</order>
            <lic>1276</lic>
            <name>Hammer, Huib</name>
            <discipline>Vrijspel (KB)</discipline>
            <tsp>65</tsp>
        </player>
        <player>
            <order>13</order>
            <lic>436</lic>
            <name>Hattum van, Frans</name>
            <discipline>Vrijspel (KB)</discipline>
            <tsp>45</tsp>
        </player>
        <player>
            <order>18</order>
            <lic>1210</lic>
            <name>Janssen, Leo</name>
            <discipline>Vrijspel (KB)</discipline>
            <tsp>26</tsp>
        </player>
        <player>
            <order>R</order>
            <lic>3432</lic>
            <name>Konings, Piet</name>
            <discipline>Vrijspel (KB)</discipline>
            <tsp>21</tsp>
        </player>
        <player>
            <order>15</order>
            <lic>1219</lic>
            <name>Slangen, Jan</name>
            <discipline>Vrijspel (KB)</discipline>
            <tsp>45</tsp>
        </player>
        <player>
            <order>R</order>
            <lic>1218</lic>
            <name>Manders, Jos</name>
            <discipline>Drieband (KB)</discipline>
            <tsp>22</tsp>
        </player>
        <player>
            <order>R</order>
            <lic>3430</lic>
            <name>Keuren, Thei</name>
            <discipline>Vrijspel (KB)</discipline>
            <tsp>45</tsp>
        </player>
        <player>
            <order>R</order>
            <lic>164</lic>
            <name>Coolen, Michel</name>
            <discipline>Vrijspel (KB)</discipline>
            <tsp>65</tsp>
        </player>
        <player>
            <order>4</order>
            <lic>3428</lic>
            <name>Buckinx, Hay</name>
            <discipline>Vrijspel (KB)</discipline>
            <tsp>70</tsp>
        </player>
        <player>
            <order>R</order>
            <lic>1206</lic>
            <name>Backers, Har</name>
            <discipline>Vrijspel (KB)</discipline>
            <tsp>55</tsp>
        </player>
        <player>
            <order>10</order>
            <lic>166</lic>
            <name>Keuren, Ren_</name>
            <discipline>Vrijspel (KB)</discipline>
            <tsp>50</tsp>
        </player>
        <player>
            <order>R</order>
            <lic>3427</lic>
            <name>Brok den, Peter</name>
            <discipline>Vrijspel (KB)</discipline>
            <tsp>50</tsp>
        </player>
        <player>
            <order>11</order>
            <lic>1542</lic>
            <name>Kinderen der, Tiny</name>
            <discipline>Vrijspel (KB)</discipline>
            <tsp>45</tsp>
        </player>
        <player>
            <order>16</order>
            <lic>327</lic>
            <name>Janssen, Piet</name>
            <discipline>Vrijspel (KB)</discipline>
            <tsp>26</tsp>
        </player>
        <player>
            <order>14</order>
            <lic>1529</lic>
            <name>IJsermans, Wiel</name>
            <discipline>Vrijspel (KB)</discipline>
            <tsp>45</tsp>
        </player>
        <player>
            <order>7</order>
            <lic>3703</lic>
            <name>Jennekens, Rob</name>
            <discipline>Vrijspel (KB)</discipline>
            <tsp>45</tsp>
        </player>
    </team>
    <team>
        <name>MEIJEL 2</name>
        <fixedplayers>4:5:6:7:</fixedplayers>
        <player>
            <order>R</order>
            <lic>2122</lic>
            <name>Meulendijks, Carlo</name>
            <discipline>Drieband (KB)</discipline>
            <tsp>16</tsp>
        </player>
        <player>
            <order>R</order>
            <lic>3198</lic>
            <name>Geerlings, Thijs</name>
            <discipline>Drieband (KB)</discipline>
            <tsp>18</tsp>
        </player>
        <player>
            <order>11</order>
            <lic>2197</lic>
            <name>Janssen, Willie</name>
            <discipline>Vrijspel (KB)</discipline>
            <tsp>40</tsp>
        </player>
        <player>
            <order>17</order>
            <lic>2196</lic>
            <name>Goossens, Eric</name>
            <discipline>Vrijspel (KB)</discipline>
            <tsp>18</tsp>
        </player>
        <player>
            <order>5</order>
            <lic>680</lic>
            <name>Peeters, Wiel</name>
            <discipline>Vrijspel (KB)</discipline>
            <tsp>55</tsp>
        </player>
        <player>
            <order>2</order>
            <lic>1767</lic>
            <name>Driessen, Will</name>
            <discipline>Vrijspel (KB)</discipline>
            <tsp>85</tsp>
        </player>
        <player>
            <order>R</order>
            <lic>3208</lic>
            <name>Lieshout van, Martijn</name>
            <discipline>Vrijspel (KB)</discipline>
            <tsp>45</tsp>
        </player>
        <player>
            <order>R</order>
            <lic>2317</lic>
            <name>Hikspoors, Henk</name>
            <discipline>Vrijspel (KB)</discipline>
            <tsp>50</tsp>
        </player>
        <player>
            <order>R</order>
            <lic>673</lic>
            <name>Doensen, Jo</name>
            <discipline>Drieband (KB)</discipline>
            <tsp>20</tsp>
        </player>
        <player>
            <order>R</order>
            <lic>674</lic>
            <name>Joosten, Piet</name>
            <discipline>Vrijspel (KB)</discipline>
            <tsp>75</tsp>
        </player>
        <player>
            <order>R</order>
            <lic>686</lic>
            <name>Verbugt, Jan</name>
            <discipline>Drieband (KB)</discipline>
            <tsp>20</tsp>
        </player>
        <player>
            <order>14</order>
            <lic>675</lic>
            <name>Kruijs v.d., Henk</name>
            <discipline>Vrijspel (KB)</discipline>
            <tsp>22</tsp>
        </player>
        <player>
            <order>1</order>
            <lic>676</lic>
            <name>Lansbergen, Henk</name>
            <discipline>Vrijspel (KB)</discipline>
            <tsp>105</tsp>
        </player>
        <player>
            <order>7</order>
            <lic>687</lic>
            <name>Vullings, Huub</name>
            <discipline>Vrijspel (KB)</discipline>
            <tsp>50</tsp>
        </player>
        <player>
            <order>12</order>
            <lic>874</lic>
            <name>Vissers, Joep</name>
            <discipline>Vrijspel (KB)</discipline>
            <tsp>26</tsp>
        </player>
        <player>
            <order>R</order>
            <lic>3058</lic>
            <name>Beuningen van, Toon</name>
            <discipline>Vrijspel (KB)</discipline>
            <tsp>65</tsp>
        </player>
        <player>
            <order>R</order>
            <lic>2708</lic>
            <name>Luijten, Pieter</name>
            <discipline>Drieband (KB)</discipline>
            <tsp>24</tsp>
        </player>
        <player>
            <order>R</order>
            <lic>946</lic>
            <name>Slaats, Leo</name>
            <discipline>Drieband (KB)</discipline>
            <tsp>18</tsp>
        </player>
        <player>
            <order>10</order>
            <lic>3832</lic>
            <name>Drink op den, Erik</name>
            <discipline>Vrijspel (KB)</discipline>
            <tsp>40</tsp>
        </player>
        <player>
            <order>R</order>
            <lic>3833</lic>
            <name>Nijssen, Jan</name>
            <discipline>Vrijspel (KB)</discipline>
            <tsp>21</tsp>
        </player>
        <player>
            <order>R</order>
            <lic>939</lic>
            <name>Heugten van, Ton</name>
            <discipline>Drieband (KB)</discipline>
            <tsp>20</tsp>
        </player>
    </team>
</competition>
