<?xml version="1.0" encoding="UTF-8"?><competition>
    <name>3e Klasse D</name>
    <contactname/>
    <contactemail/>
    <league>MLBB</league>
    <group/>
    <pointsystem>MATCHPOINTS</pointsystem>
    <tableformat>2,30m</tableformat>
    <discipline>Vrijspel (KB)</discipline>
    <nbrofplayers>3</nbrofplayers>
    <disciplineplayers/>
    <tspplayers/>
    <team>
        <name>RAMONA 4</name>
        <fixedplayers>11:12:13:14:</fixedplayers>
        <player>
            <order>7</order>
            <lic>3453</lic>
            <name>Wolters, Antoon</name>
            <discipline>Vrijspel (KB)</discipline>
            <tsp>80</tsp>
        </player>
        <player>
            <order>8</order>
            <lic>3365</lic>
            <name>Faessen, Paul</name>
            <discipline>Vrijspel (KB)</discipline>
            <tsp>65</tsp>
        </player>
        <player>
            <order>5</order>
            <lic>1175</lic>
            <name>Mestrom, Piet</name>
            <discipline>Vrijspel (KB)</discipline>
            <tsp>75</tsp>
        </player>
        <player>
            <order>12</order>
            <lic>3022</lic>
            <name>Tissen, Chris</name>
            <discipline>Vrijspel (KB)</discipline>
            <tsp>45</tsp>
        </player>
        <player>
            <order>4</order>
            <lic>690</lic>
            <name>Baars, Henk</name>
            <discipline>Vrijspel (KB)</discipline>
            <tsp>95</tsp>
        </player>
        <player>
            <order>2</order>
            <lic>2911</lic>
            <name>Ketelaars, Chris</name>
            <discipline>Vrijspel (KB)</discipline>
            <tsp>95</tsp>
        </player>
        <player>
            <order>13</order>
            <lic>2306</lic>
            <name>Wouters, Toos</name>
            <discipline>Vrijspel (KB)</discipline>
            <tsp>45</tsp>
        </player>
        <player>
            <order>R</order>
            <lic>3538</lic>
            <name>Heatubun, Bram</name>
            <discipline>Vrijspel (KB)</discipline>
            <tsp>50</tsp>
        </player>
        <player>
            <order>R</order>
            <lic>3803</lic>
            <name>Munnichs, Huub</name>
            <discipline>Vrijspel (KB)</discipline>
            <tsp>33</tsp>
        </player>
        <player>
            <order>R</order>
            <lic>992</lic>
            <name>Tissen, Jeu</name>
            <discipline>Vrijspel (KB)</discipline>
            <tsp>45</tsp>
        </player>
        <player>
            <order>R</order>
            <lic>2853</lic>
            <name>Kempkens, Johan</name>
            <discipline>Vrijspel (KB)</discipline>
            <tsp>50</tsp>
        </player>
        <player>
            <order>3</order>
            <lic>994</lic>
            <name>Wolters, Piet</name>
            <discipline>Vrijspel (KB)</discipline>
            <tsp>70</tsp>
        </player>
        <player>
            <order>1</order>
            <lic>1157</lic>
            <name>Frencken, Pierre</name>
            <discipline>Vrijspel (KB)</discipline>
            <tsp>130</tsp>
        </player>
        <player>
            <order>6</order>
            <lic>996</lic>
            <name>Wouters, Jan</name>
            <discipline>Vrijspel (KB)</discipline>
            <tsp>65</tsp>
        </player>
        <player>
            <order>11</order>
            <lic>3389</lic>
            <name>Wouters, Nathalie</name>
            <discipline>Vrijspel (KB)</discipline>
            <tsp>50</tsp>
        </player>
        <player>
            <order>9</order>
            <lic>986</lic>
            <name>Kempen van, Sjaak</name>
            <discipline>Vrijspel (KB)</discipline>
            <tsp>55</tsp>
        </player>
        <player>
            <order>10</order>
            <lic>3366</lic>
            <name>Hintzen, Rob</name>
            <discipline>Vrijspel (KB)</discipline>
            <tsp>50</tsp>
        </player>
        <player>
            <order>14</order>
            <lic>3399</lic>
            <name>Wolters, Herman</name>
            <discipline>Vrijspel (KB)</discipline>
            <tsp>40</tsp>
        </player>
        <player>
            <order>R</order>
            <lic>3553</lic>
            <name>Dekkers, Wim</name>
            <discipline>Vrijspel (KB)</discipline>
            <tsp>50</tsp>
        </player>
        <player>
            <order>R</order>
            <lic>2651</lic>
            <name>Walstock, Hubert</name>
            <discipline>Vrijspel (KB)</discipline>
            <tsp>45</tsp>
        </player>
        <player>
            <order>R</order>
            <lic>2726</lic>
            <name>Frencken, Dave</name>
            <discipline>Vrijspel (KB)</discipline>
            <tsp>40</tsp>
        </player>
    </team>
    <team>
        <name>KOT 4</name>
        <fixedplayers>12:13:14:15:</fixedplayers>
        <player>
            <order>R</order>
            <lic>3123</lic>
            <name>Moberts, Peter</name>
            <discipline>Vrijspel (KB)</discipline>
            <tsp>50</tsp>
        </player>
        <player>
            <order>R</order>
            <lic>2154</lic>
            <name>Eck van, Hub</name>
            <discipline>Vrijspel (KB)</discipline>
            <tsp>31</tsp>
        </player>
        <player>
            <order>R</order>
            <lic>1086</lic>
            <name>Opbroek, Piet</name>
            <discipline>Vrijspel (KB)</discipline>
            <tsp>50</tsp>
        </player>
        <player>
            <order>1</order>
            <lic>1084</lic>
            <name>Sillen, G_</name>
            <discipline>Vrijspel (KB)</discipline>
            <tsp>165</tsp>
        </player>
        <player>
            <order>R</order>
            <lic>3040</lic>
            <name>Schaefer, Sef</name>
            <discipline>Vrijspel (KB)</discipline>
            <tsp>45</tsp>
        </player>
        <player>
            <order>R</order>
            <lic>1437</lic>
            <name>Schuman, John</name>
            <discipline>Vrijspel (KB)</discipline>
            <tsp>55</tsp>
        </player>
        <player>
            <order>R</order>
            <lic>552</lic>
            <name>Cox, Jim</name>
            <discipline>Vrijspel (KB)</discipline>
            <tsp>50</tsp>
        </player>
        <player>
            <order>R</order>
            <lic>553</lic>
            <name>Naus, Jo</name>
            <discipline>Vrijspel (KB)</discipline>
            <tsp>45</tsp>
        </player>
        <player>
            <order>R</order>
            <lic>533</lic>
            <name>Bremmers, Chris</name>
            <discipline>Vrijspel (KB)</discipline>
            <tsp>65</tsp>
        </player>
        <player>
            <order>9</order>
            <lic>1058</lic>
            <name>Linssen, Victor</name>
            <discipline>Vrijspel (KB)</discipline>
            <tsp>55</tsp>
        </player>
        <player>
            <order>R</order>
            <lic>534</lic>
            <name>Bremmers, Jac</name>
            <discipline>Vrijspel (KB)</discipline>
            <tsp>60</tsp>
        </player>
        <player>
            <order>R</order>
            <lic>3114</lic>
            <name>Beeren, Huub</name>
            <discipline>Vrijspel (KB)</discipline>
            <tsp>40</tsp>
        </player>
        <player>
            <order>R</order>
            <lic>2300</lic>
            <name>Arntz, Jos</name>
            <discipline>Vrijspel (KB)</discipline>
            <tsp>55</tsp>
        </player>
        <player>
            <order>R</order>
            <lic>1079</lic>
            <name>Koopmans, Loek</name>
            <discipline>Vrijspel (KB)</discipline>
            <tsp>135</tsp>
        </player>
        <player>
            <order>22</order>
            <lic>238</lic>
            <name>Vogels, Ton</name>
            <discipline>Vrijspel (KB)</discipline>
            <tsp>50</tsp>
        </player>
        <player>
            <order>R</order>
            <lic>3796</lic>
            <name>Diels, Nick</name>
            <discipline>Vrijspel (KB)</discipline>
            <tsp>45</tsp>
        </player>
        <player>
            <order>7</order>
            <lic>1839</lic>
            <name>Brouns, Harrie</name>
            <discipline>Vrijspel (KB)</discipline>
            <tsp>50</tsp>
        </player>
        <player>
            <order>25</order>
            <lic>3418</lic>
            <name>Gageldonk van, Geert</name>
            <discipline>Vrijspel (KB)</discipline>
            <tsp>50</tsp>
        </player>
        <player>
            <order>2</order>
            <lic>1330</lic>
            <name>Spee, Jac</name>
            <discipline>Vrijspel (KB)</discipline>
            <tsp>125</tsp>
        </player>
        <player>
            <order>R</order>
            <lic>3299</lic>
            <name>Moberts, Jos</name>
            <discipline>Vrijspel (KB)</discipline>
            <tsp>40</tsp>
        </player>
        <player>
            <order>R</order>
            <lic>280</lic>
            <name>Heiligers, Ron</name>
            <discipline>Vrijspel (KB)</discipline>
            <tsp>60</tsp>
        </player>
        <player>
            <order>R</order>
            <lic>1075</lic>
            <name>Broens, John</name>
            <discipline>Vrijspel (KB)</discipline>
            <tsp>50</tsp>
        </player>
        <player>
            <order>21</order>
            <lic>2581</lic>
            <name>Spooremakers, Ger</name>
            <discipline>Vrijspel (KB)</discipline>
            <tsp>50</tsp>
        </player>
        <player>
            <order>R</order>
            <lic>2482</lic>
            <name>Spitzki, Dieter</name>
            <discipline>Vrijspel (KB)</discipline>
            <tsp>35</tsp>
        </player>
        <player>
            <order>R</order>
            <lic>3372</lic>
            <name>Wolters, Henk</name>
            <discipline>Vrijspel (KB)</discipline>
            <tsp>75</tsp>
        </player>
        <player>
            <order>27</order>
            <lic>3030</lic>
            <name>Melick van, Hans</name>
            <discipline>Vrijspel (KB)</discipline>
            <tsp>25</tsp>
        </player>
        <player>
            <order>R</order>
            <lic>167</lic>
            <name>Dieterich, Joop</name>
            <discipline>Vrijspel (KB)</discipline>
            <tsp>60</tsp>
        </player>
        <player>
            <order>19</order>
            <lic>2711</lic>
            <name>Vossen, Victor</name>
            <discipline>Vrijspel (KB)</discipline>
            <tsp>40</tsp>
        </player>
        <player>
            <order>3</order>
            <lic>542</lic>
            <name>Gorts, Henk</name>
            <discipline>Vrijspel (KB)</discipline>
            <tsp>120</tsp>
        </player>
        <player>
            <order>R</order>
            <lic>1104</lic>
            <name>Maessen, Eric</name>
            <discipline>Vrijspel (KB)</discipline>
            <tsp>45</tsp>
        </player>
        <player>
            <order>R</order>
            <lic>169</lic>
            <name>Meinen, Henk</name>
            <discipline>Vrijspel (KB)</discipline>
            <tsp>70</tsp>
        </player>
        <player>
            <order>R</order>
            <lic>2455</lic>
            <name>Clerx, Mieke</name>
            <discipline>Vrijspel (KB)</discipline>
            <tsp>40</tsp>
        </player>
        <player>
            <order>R</order>
            <lic>544</lic>
            <name>Herregodts, Ger</name>
            <discipline>Vrijspel (KB)</discipline>
            <tsp>90</tsp>
        </player>
        <player>
            <order>R</order>
            <lic>3301</lic>
            <name>Meisters, Wim</name>
            <discipline>Vrijspel (KB)</discipline>
            <tsp>55</tsp>
        </player>
        <player>
            <order>13</order>
            <lic>2553</lic>
            <name>Quillettes de, Arthur</name>
            <discipline>Vrijspel (KB)</discipline>
            <tsp>55</tsp>
        </player>
        <player>
            <order>R</order>
            <lic>3487</lic>
            <name>Maessen, Wim</name>
            <discipline>Vrijspel (KB)</discipline>
            <tsp>50</tsp>
        </player>
        <player>
            <order>R</order>
            <lic>1508</lic>
            <name>Geene, Paul</name>
            <discipline>Vrijspel (KB)</discipline>
            <tsp>45</tsp>
        </player>
    </team>
    <team>
        <name>HOOK DEN 3</name>
        <fixedplayers>7:8:9:10:</fixedplayers>
        <player>
            <order>R</order>
            <lic>3692</lic>
            <name>Hoelsgens, Lei</name>
            <discipline>Vrijspel (KB)</discipline>
            <tsp>50</tsp>
        </player>
        <player>
            <order>10</order>
            <lic>3541</lic>
            <name>Osch van, Jan</name>
            <discipline>Vrijspel (KB)</discipline>
            <tsp>40</tsp>
        </player>
        <player>
            <order>R</order>
            <lic>2352</lic>
            <name>Cillekens, Eed</name>
            <discipline>Vrijspel (KB)</discipline>
            <tsp>130</tsp>
        </player>
        <player>
            <order>R</order>
            <lic>2275</lic>
            <name>Thijssen, Ton</name>
            <discipline>Drieband (KB)</discipline>
            <tsp>20</tsp>
        </player>
        <player>
            <order>R</order>
            <lic>2351</lic>
            <name>Verkoulen, Jac</name>
            <discipline>Vrijspel (KB)</discipline>
            <tsp>55</tsp>
        </player>
        <player>
            <order>9</order>
            <lic>2086</lic>
            <name>Boersen, Piet</name>
            <discipline>Vrijspel (KB)</discipline>
            <tsp>45</tsp>
        </player>
        <player>
            <order>R</order>
            <lic>2085</lic>
            <name>Sijben, Wiel</name>
            <discipline>Vrijspel (KB)</discipline>
            <tsp>60</tsp>
        </player>
        <player>
            <order>R</order>
            <lic>360</lic>
            <name>Hoogmans, Jan</name>
            <discipline>Drieband (KB)</discipline>
            <tsp>22</tsp>
        </player>
        <player>
            <order>R</order>
            <lic>361</lic>
            <name>Prinssen, Wim</name>
            <discipline>Drieband (KB)</discipline>
            <tsp>22</tsp>
        </player>
        <player>
            <order>R</order>
            <lic>354</lic>
            <name>Crijns, Bair</name>
            <discipline>Vrijspel (KB)</discipline>
            <tsp>75</tsp>
        </player>
        <player>
            <order>R</order>
            <lic>365</lic>
            <name>Kluytmans, Dr�</name>
            <discipline>Vrijspel (KB)</discipline>
            <tsp>70</tsp>
        </player>
        <player>
            <order>1</order>
            <lic>356</lic>
            <name>Slaats, Wim</name>
            <discipline>Vrijspel (KB)</discipline>
            <tsp>120</tsp>
        </player>
        <player>
            <order>4</order>
            <lic>3105</lic>
            <name>Ee van, Peter</name>
            <discipline>Vrijspel (KB)</discipline>
            <tsp>105</tsp>
        </player>
        <player>
            <order>6</order>
            <lic>368</lic>
            <name>Quicken, Wim</name>
            <discipline>Vrijspel (KB)</discipline>
            <tsp>70</tsp>
        </player>
        <player>
            <order>R</order>
            <lic>357</lic>
            <name>Geene, Otto</name>
            <discipline>Vrijspel (KB)</discipline>
            <tsp>55</tsp>
        </player>
        <player>
            <order>R</order>
            <lic>3302</lic>
            <name>Goossens, Bert</name>
            <discipline>Vrijspel (KB)</discipline>
            <tsp>50</tsp>
        </player>
        <player>
            <order>7</order>
            <lic>3542</lic>
            <name>Sanden van der, Jo</name>
            <discipline>Vrijspel (KB)</discipline>
            <tsp>50</tsp>
        </player>
        <player>
            <order>R</order>
            <lic>348</lic>
            <name>Beckers, Har</name>
            <discipline>Vrijspel (KB)</discipline>
            <tsp>60</tsp>
        </player>
        <player>
            <order>2</order>
            <lic>2819</lic>
            <name>Kop van der, Albert</name>
            <discipline>Vrijspel (KB)</discipline>
            <tsp>90</tsp>
        </player>
        <player>
            <order>8</order>
            <lic>3665</lic>
            <name>Loo van der, Jeroen</name>
            <discipline>Vrijspel (KB)</discipline>
            <tsp>45</tsp>
        </player>
        <player>
            <order>R</order>
            <lic>2818</lic>
            <name>Cillekens, Tim</name>
            <discipline>Vrijspel (KB)</discipline>
            <tsp>85</tsp>
        </player>
        <player>
            <order>3</order>
            <lic>2706</lic>
            <name>Hendriks, Jan</name>
            <discipline>Vrijspel (KB)</discipline>
            <tsp>50</tsp>
        </player>
        <player>
            <order>R</order>
            <lic>3667</lic>
            <name>Hermans, Barry</name>
            <discipline>Vrijspel (KB)</discipline>
            <tsp>40</tsp>
        </player>
    </team>
    <team>
        <name>AMICIA 6</name>
        <fixedplayers>20:21:22:23:</fixedplayers>
        <player>
            <order>8</order>
            <lic>22</lic>
            <name>Smeets, Piet</name>
            <discipline>Vrijspel (KB)</discipline>
            <tsp>70</tsp>
        </player>
        <player>
            <order>10</order>
            <lic>23</lic>
            <name>Nass, John</name>
            <discipline>Vrijspel (KB)</discipline>
            <tsp>55</tsp>
        </player>
        <player>
            <order>11</order>
            <lic>24</lic>
            <name>Fischer, Wolfgang</name>
            <discipline>Vrijspel (KB)</discipline>
            <tsp>45</tsp>
        </player>
        <player>
            <order>3</order>
            <lic>26</lic>
            <name>Dirkx, Pol</name>
            <discipline>Vrijspel (KB)</discipline>
            <tsp>50</tsp>
        </player>
        <player>
            <order>7</order>
            <lic>2870</lic>
            <name>Erdkamp, Jacques</name>
            <discipline>Vrijspel (KB)</discipline>
            <tsp>60</tsp>
        </player>
        <player>
            <order>4</order>
            <lic>3182</lic>
            <name>Wolters, Jan</name>
            <discipline>Vrijspel (KB)</discipline>
            <tsp>85</tsp>
        </player>
        <player>
            <order>2</order>
            <lic>3839</lic>
            <name>Heinen, Karl-Heinz</name>
            <discipline>Vrijspel (KB)</discipline>
            <tsp>85</tsp>
        </player>
        <player>
            <order>22</order>
            <lic>1896</lic>
            <name>Manders, Hans</name>
            <discipline>Vrijspel (KB)</discipline>
            <tsp>45</tsp>
        </player>
        <player>
            <order>19</order>
            <lic>1213</lic>
            <name>Hilkens, Peter</name>
            <discipline>Vrijspel (KB)</discipline>
            <tsp>45</tsp>
        </player>
        <player>
            <order>R</order>
            <lic>2764</lic>
            <name>Hoeben, Ger</name>
            <discipline>Vrijspel (KB)</discipline>
            <tsp>45</tsp>
        </player>
        <player>
            <order>9</order>
            <lic>2321</lic>
            <name>Wolters, Math</name>
            <discipline>Vrijspel (KB)</discipline>
            <tsp>70</tsp>
        </player>
        <player>
            <order>23</order>
            <lic>2420</lic>
            <name>Dongen van, Piet</name>
            <discipline>Vrijspel (KB)</discipline>
            <tsp>35</tsp>
        </player>
        <player>
            <order>R</order>
            <lic>979</lic>
            <name>Verdonkschot, Henk</name>
            <discipline>Vrijspel (KB)</discipline>
            <tsp>50</tsp>
        </player>
        <player>
            <order>1</order>
            <lic>2562</lic>
            <name>Clermonts, Math</name>
            <discipline>Vrijspel (KB)</discipline>
            <tsp>120</tsp>
        </player>
        <player>
            <order>R</order>
            <lic>3233</lic>
            <name>Smeets, Wim</name>
            <discipline>Vrijspel (KB)</discipline>
            <tsp>40</tsp>
        </player>
        <player>
            <order>R</order>
            <lic>3254</lic>
            <name>Hilkens, Dennis</name>
            <discipline>Vrijspel (KB)</discipline>
            <tsp>55</tsp>
        </player>
        <player>
            <order>5</order>
            <lic>3252</lic>
            <name>Wolfs, Werner</name>
            <discipline>Vrijspel (KB)</discipline>
            <tsp>65</tsp>
        </player>
        <player>
            <order>R</order>
            <lic>141</lic>
            <name>Bos, Ger</name>
            <discipline>Vrijspel (KB)</discipline>
            <tsp>45</tsp>
        </player>
        <player>
            <order>18</order>
            <lic>3704</lic>
            <name>Houben, Lander</name>
            <discipline>Vrijspel (KB)</discipline>
            <tsp>45</tsp>
        </player>
        <player>
            <order>12</order>
            <lic>2855</lic>
            <name>Huskens, Jo</name>
            <discipline>Vrijspel (KB)</discipline>
            <tsp>60</tsp>
        </player>
        <player>
            <order>17</order>
            <lic>3705</lic>
            <name>Schreurs, Rick</name>
            <discipline>Vrijspel (KB)</discipline>
            <tsp>55</tsp>
        </player>
        <player>
            <order>R</order>
            <lic>3706</lic>
            <name>Steinman, Paul</name>
            <discipline>Vrijspel (KB)</discipline>
            <tsp>50</tsp>
        </player>
        <player>
            <order>R</order>
            <lic>541</lic>
            <name>Evers, Jo</name>
            <discipline>Vrijspel (KB)</discipline>
            <tsp>35</tsp>
        </player>
        <player>
            <order>14</order>
            <lic>2776</lic>
            <name>Delissen, Frans</name>
            <discipline>Vrijspel (KB)</discipline>
            <tsp>55</tsp>
        </player>
        <player>
            <order>16</order>
            <lic>3707</lic>
            <name>Wolfhagen, Randy</name>
            <discipline>Vrijspel (KB)</discipline>
            <tsp>55</tsp>
        </player>
        <player>
            <order>R</order>
            <lic>2698</lic>
            <name>Munnecom, Ren_</name>
            <discipline>Vrijspel (KB)</discipline>
            <tsp>45</tsp>
        </player>
        <player>
            <order>13</order>
            <lic>1761</lic>
            <name>Peters, Henk</name>
            <discipline>Vrijspel (KB)</discipline>
            <tsp>55</tsp>
        </player>
        <player>
            <order>6</order>
            <lic>2398</lic>
            <name>Vintges, Nico</name>
            <discipline>Vrijspel (KB)</discipline>
            <tsp>60</tsp>
        </player>
        <player>
            <order>15</order>
            <lic>3102</lic>
            <name>Minkenberg, Dre</name>
            <discipline>Vrijspel (KB)</discipline>
            <tsp>55</tsp>
        </player>
        <player>
            <order>20</order>
            <lic>3564</lic>
            <name>Haren van, Ger</name>
            <discipline>Vrijspel (KB)</discipline>
            <tsp>50</tsp>
        </player>
        <player>
            <order>21</order>
            <lic>1760</lic>
            <name>Koelen, Daan</name>
            <discipline>Vrijspel (KB)</discipline>
            <tsp>50</tsp>
        </player>
    </team>
    <team>
        <name>AAD REMUNJ 2</name>
        <fixedplayers>5:6:7:8:</fixedplayers>
        <player>
            <order>9</order>
            <lic>3771</lic>
            <name>Schmitz, Carlo</name>
            <discipline>Vrijspel (KB)</discipline>
            <tsp>50</tsp>
        </player>
        <player>
            <order>R</order>
            <lic>3001</lic>
            <name>Zalm van der, Jo</name>
            <discipline>Vrijspel (KB)</discipline>
            <tsp>31</tsp>
        </player>
        <player>
            <order>6</order>
            <lic>3000</lic>
            <name>Rotten van de, Joep</name>
            <discipline>Vrijspel (KB)</discipline>
            <tsp>45</tsp>
        </player>
        <player>
            <order>11</order>
            <lic>3163</lic>
            <name>Mulders-Buys, Annelies</name>
            <discipline>Vrijspel (KB)</discipline>
            <tsp>35</tsp>
        </player>
        <player>
            <order>10</order>
            <lic>3261</lic>
            <name>Cuypers, Stephan</name>
            <discipline>Vrijspel (KB)</discipline>
            <tsp>45</tsp>
        </player>
        <player>
            <order>4</order>
            <lic>3260</lic>
            <name>Deurzen van, Rob</name>
            <discipline>Vrijspel (KB)</discipline>
            <tsp>45</tsp>
        </player>
        <player>
            <order>3</order>
            <lic>2856</lic>
            <name>Deurzen van, Fred</name>
            <discipline>Vrijspel (KB)</discipline>
            <tsp>55</tsp>
        </player>
        <player>
            <order>2</order>
            <lic>1205</lic>
            <name>Aarts, Mat</name>
            <discipline>Vrijspel (KB)</discipline>
            <tsp>65</tsp>
        </player>
        <player>
            <order>7</order>
            <lic>3749</lic>
            <name>Schmitz, Piet</name>
            <discipline>Vrijspel (KB)</discipline>
            <tsp>40</tsp>
        </player>
        <player>
            <order>12</order>
            <lic>3639</lic>
            <name>Aubert, Chris</name>
            <discipline>Vrijspel (KB)</discipline>
            <tsp>31</tsp>
        </player>
        <player>
            <order>8</order>
            <lic>3425</lic>
            <name>Scheffer, Fried</name>
            <discipline>Vrijspel (KB)</discipline>
            <tsp>33</tsp>
        </player>
        <player>
            <order>5</order>
            <lic>3577</lic>
            <name>Wassenberg, Theo</name>
            <discipline>Vrijspel (KB)</discipline>
            <tsp>55</tsp>
        </player>
        <player>
            <order>R</order>
            <lic>3819</lic>
            <name>Lutgens, Jacky</name>
            <discipline>Vrijspel (KB)</discipline>
            <tsp>31</tsp>
        </player>
        <player>
            <order>1</order>
            <lic>1078</lic>
            <name>Joosten, Frits</name>
            <discipline>Vrijspel (KB)</discipline>
            <tsp>65</tsp>
        </player>
    </team>
    <team>
        <name>GRAAF DE 2</name>
        <fixedplayers>5:6:7:8:</fixedplayers>
        <player>
            <order>R</order>
            <lic>3650</lic>
            <name>Hendrikx, Frans</name>
            <discipline>Vrijspel (KB)</discipline>
            <tsp>40</tsp>
        </player>
        <player>
            <order>R</order>
            <lic>3651</lic>
            <name>Hendrick, Jac</name>
            <discipline>Vrijspel (KB)</discipline>
            <tsp>40</tsp>
        </player>
        <player>
            <order>11</order>
            <lic>2782</lic>
            <name>Knoops, Henk</name>
            <discipline>Vrijspel (KB)</discipline>
            <tsp>45</tsp>
        </player>
        <player>
            <order>R</order>
            <lic>2781</lic>
            <name>Knoops, Eric</name>
            <discipline>Vrijspel (KB)</discipline>
            <tsp>60</tsp>
        </player>
        <player>
            <order>R</order>
            <lic>2780</lic>
            <name>Diederen, Ralf</name>
            <discipline>Vrijspel (KB)</discipline>
            <tsp>45</tsp>
        </player>
        <player>
            <order>4</order>
            <lic>3283</lic>
            <name>Waeijen, Petra</name>
            <discipline>Vrijspel (KB)</discipline>
            <tsp>40</tsp>
        </player>
        <player>
            <order>R</order>
            <lic>3282</lic>
            <name>Waeijen, Niek</name>
            <discipline>Vrijspel (KB)</discipline>
            <tsp>40</tsp>
        </player>
        <player>
            <order>7</order>
            <lic>3715</lic>
            <name>Heel van, Ruud</name>
            <discipline>Vrijspel (KB)</discipline>
            <tsp>45</tsp>
        </player>
        <player>
            <order>6</order>
            <lic>3716</lic>
            <name>Kunder de, Ronald</name>
            <discipline>Vrijspel (KB)</discipline>
            <tsp>45</tsp>
        </player>
        <player>
            <order>R</order>
            <lic>3614</lic>
            <name>Timmermans, Ed</name>
            <discipline>Vrijspel (KB)</discipline>
            <tsp>40</tsp>
        </player>
        <player>
            <order>5</order>
            <lic>3717</lic>
            <name>Peters, Jimi</name>
            <discipline>Vrijspel (KB)</discipline>
            <tsp>55</tsp>
        </player>
        <player>
            <order>R</order>
            <lic>378</lic>
            <name>Cruchten van, Arno</name>
            <discipline>Vrijspel (KB)</discipline>
            <tsp>33</tsp>
        </player>
        <player>
            <order>R</order>
            <lic>3808</lic>
            <name>Goor van, Chris</name>
            <discipline>Vrijspel (KB)</discipline>
            <tsp>40</tsp>
        </player>
        <player>
            <order>10</order>
            <lic>1563</lic>
            <name>Crijnen, Rob</name>
            <discipline>Vrijspel (KB)</discipline>
            <tsp>45</tsp>
        </player>
        <player>
            <order>R</order>
            <lic>3809</lic>
            <name>Levels, Remco</name>
            <discipline>Vrijspel (KB)</discipline>
            <tsp>40</tsp>
        </player>
        <player>
            <order>R</order>
            <lic>338</lic>
            <name>Theunissen, Har</name>
            <discipline>Vrijspel (KB)</discipline>
            <tsp>45</tsp>
        </player>
        <player>
            <order>2</order>
            <lic>3687</lic>
            <name>Giebels, Piet</name>
            <discipline>Vrijspel (KB)</discipline>
            <tsp>50</tsp>
        </player>
        <player>
            <order>3</order>
            <lic>846</lic>
            <name>Heuyerjans, Wim</name>
            <discipline>Vrijspel (KB)</discipline>
            <tsp>50</tsp>
        </player>
        <player>
            <order>1</order>
            <lic>3810</lic>
            <name>Muijzers, Harry</name>
            <discipline>Vrijspel (KB)</discipline>
            <tsp>60</tsp>
        </player>
        <player>
            <order>8</order>
            <lic>3878</lic>
            <name>Gubbels, Roel</name>
            <discipline>Vrijspel (KB)</discipline>
            <tsp>29</tsp>
        </player>
        <player>
            <order>9</order>
            <lic>1714</lic>
            <name>Kunder de, Han</name>
            <discipline>Vrijspel (KB)</discipline>
            <tsp>45</tsp>
        </player>
        <player>
            <order>12</order>
            <lic>3856</lic>
            <name>Cuypers, Riny</name>
            <discipline>Vrijspel (KB)</discipline>
            <tsp>21</tsp>
        </player>
    </team>
    <team>
        <name>BIERMANSHUIS 5</name>
        <fixedplayers>16:17:18:19:</fixedplayers>
        <player>
            <order>8</order>
            <lic>3266</lic>
            <name>Daal van, Ruud</name>
            <discipline>Vrijspel (KB)</discipline>
            <tsp>65</tsp>
        </player>
        <player>
            <order>R</order>
            <lic>3164</lic>
            <name>Bonselaar, Carol</name>
            <discipline>Vrijspel (KB)</discipline>
            <tsp>45</tsp>
        </player>
        <player>
            <order>R</order>
            <lic>3197</lic>
            <name>Vorstermans, Ger</name>
            <discipline>Vrijspel (KB)</discipline>
            <tsp>50</tsp>
        </player>
        <player>
            <order>R</order>
            <lic>2184</lic>
            <name>Plaatsman, Jac</name>
            <discipline>Drieband (KB)</discipline>
            <tsp>20</tsp>
        </player>
        <player>
            <order>23</order>
            <lic>3196</lic>
            <name>Brabander de, Hans</name>
            <discipline>Vrijspel (KB)</discipline>
            <tsp>45</tsp>
        </player>
        <player>
            <order>28</order>
            <lic>2416</lic>
            <name>Cranssen, Eric</name>
            <discipline>Vrijspel (KB)</discipline>
            <tsp>24</tsp>
        </player>
        <player>
            <order>R</order>
            <lic>1998</lic>
            <name>Leenen, Patrick</name>
            <discipline>Vrijspel (KB)</discipline>
            <tsp>45</tsp>
        </player>
        <player>
            <order>R</order>
            <lic>331</lic>
            <name>Roemen, Jac</name>
            <discipline>Vrijspel (KB)</discipline>
            <tsp>90</tsp>
        </player>
        <player>
            <order>15</order>
            <lic>2415</lic>
            <name>Cranssen, Mark</name>
            <discipline>Vrijspel (KB)</discipline>
            <tsp>50</tsp>
        </player>
        <player>
            <order>R</order>
            <lic>2425</lic>
            <name>Mevissen, Hans</name>
            <discipline>Drieband (KB)</discipline>
            <tsp>20</tsp>
        </player>
        <player>
            <order>R</order>
            <lic>1512</lic>
            <name>Crijns, Geert</name>
            <discipline>Drieband (KB)</discipline>
            <tsp>18</tsp>
        </player>
        <player>
            <order>R</order>
            <lic>2423</lic>
            <name>Hermans, Ed</name>
            <discipline>Vrijspel (KB)</discipline>
            <tsp>60</tsp>
        </player>
        <player>
            <order>1</order>
            <lic>335</lic>
            <name>Tellers, Jac</name>
            <discipline>Vrijspel (KB)</discipline>
            <tsp>130</tsp>
        </player>
        <player>
            <order>R</order>
            <lic>2565</lic>
            <name>Cox, Jan</name>
            <discipline>Drieband (KB)</discipline>
            <tsp>20</tsp>
        </player>
        <player>
            <order>R</order>
            <lic>336</lic>
            <name>Truijen, Jac</name>
            <discipline>Vrijspel (KB)</discipline>
            <tsp>60</tsp>
        </player>
        <player>
            <order>R</order>
            <lic>326</lic>
            <name>Jansen, Huub</name>
            <discipline>Vrijspel (KB)</discipline>
            <tsp>50</tsp>
        </player>
        <player>
            <order>27</order>
            <lic>1859</lic>
            <name>Berg v.d., Martien</name>
            <discipline>Vrijspel (KB)</discipline>
            <tsp>24</tsp>
        </player>
        <player>
            <order>R</order>
            <lic>3689</lic>
            <name>Molenaar, Kees</name>
            <discipline>Vrijspel (KB)</discipline>
            <tsp>50</tsp>
        </player>
        <player>
            <order>R</order>
            <lic>2418</lic>
            <name>Cox, Hans</name>
            <discipline>Vrijspel (KB)</discipline>
            <tsp>35</tsp>
        </player>
        <player>
            <order>R</order>
            <lic>32</lic>
            <name>Clercx, Hans</name>
            <discipline>Drieband (KB)</discipline>
            <tsp>20</tsp>
        </player>
        <player>
            <order>14</order>
            <lic>1889</lic>
            <name>Veens, Harry</name>
            <discipline>Vrijspel (KB)</discipline>
            <tsp>50</tsp>
        </player>
        <player>
            <order>R</order>
            <lic>21</lic>
            <name>Leenen, Frans</name>
            <discipline>Vrijspel (KB)</discipline>
            <tsp>65</tsp>
        </player>
        <player>
            <order>R</order>
            <lic>2417</lic>
            <name>Clercx, Wim</name>
            <discipline>Vrijspel (KB)</discipline>
            <tsp>33</tsp>
        </player>
    </team>
    <team>
        <name>AVANTI 5</name>
        <fixedplayers>15:16:17:18:</fixedplayers>
        <player>
            <order>R</order>
            <lic>45</lic>
            <name>Schoote van, Silf</name>
            <discipline>Vrijspel (KB)</discipline>
            <tsp>50</tsp>
        </player>
        <player>
            <order>R</order>
            <lic>1340</lic>
            <name>Kempen van, Tony</name>
            <discipline>Vrijspel (KB)</discipline>
            <tsp>40</tsp>
        </player>
        <player>
            <order>R</order>
            <lic>2297</lic>
            <name>Mertens, Theo</name>
            <discipline>Vrijspel (KB)</discipline>
            <tsp>45</tsp>
        </player>
        <player>
            <order>R</order>
            <lic>3117</lic>
            <name>Kessel van, Piet</name>
            <discipline>Vrijspel (KB)</discipline>
            <tsp>33</tsp>
        </player>
        <player>
            <order>3</order>
            <lic>3611</lic>
            <name>Wal van der, John</name>
            <discipline>Vrijspel (KB)</discipline>
            <tsp>70</tsp>
        </player>
        <player>
            <order>6</order>
            <lic>3138</lic>
            <name>Huskens, Geert</name>
            <discipline>Vrijspel (KB)</discipline>
            <tsp>70</tsp>
        </player>
        <player>
            <order>19</order>
            <lic>3039</lic>
            <name>Stienen, Thei</name>
            <discipline>Vrijspel (KB)</discipline>
            <tsp>50</tsp>
        </player>
        <player>
            <order>R</order>
            <lic>3116</lic>
            <name>Brentjens, Jo</name>
            <discipline>Vrijspel (KB)</discipline>
            <tsp>31</tsp>
        </player>
        <player>
            <order>4</order>
            <lic>1673</lic>
            <name>Sanden v.d., Jos</name>
            <discipline>Vrijspel (KB)</discipline>
            <tsp>90</tsp>
        </player>
        <player>
            <order>18</order>
            <lic>3576</lic>
            <name>Mackenschins, Mark</name>
            <discipline>Vrijspel (KB)</discipline>
            <tsp>40</tsp>
        </player>
        <player>
            <order>R</order>
            <lic>3256</lic>
            <name>Brentjens, John</name>
            <discipline>Vrijspel (KB)</discipline>
            <tsp>50</tsp>
        </player>
        <player>
            <order>R</order>
            <lic>3278</lic>
            <name>Marx, Roy</name>
            <discipline>Vrijspel (KB)</discipline>
            <tsp>65</tsp>
        </player>
        <player>
            <order>R</order>
            <lic>3575</lic>
            <name>Maessen, Jan</name>
            <discipline>Vrijspel (KB)</discipline>
            <tsp>27</tsp>
        </player>
        <player>
            <order>12</order>
            <lic>999</lic>
            <name>Stienen, Jan</name>
            <discipline>Vrijspel (KB)</discipline>
            <tsp>55</tsp>
        </player>
        <player>
            <order>R</order>
            <lic>3777</lic>
            <name>Lannott, Heinz</name>
            <discipline>Vrijspel (KB)</discipline>
            <tsp>29</tsp>
        </player>
        <player>
            <order>R</order>
            <lic>719</lic>
            <name>Vogels, Harrie</name>
            <discipline>Vrijspel (KB)</discipline>
            <tsp>50</tsp>
        </player>
        <player>
            <order>R</order>
            <lic>35</lic>
            <name>Driessen, John</name>
            <discipline>Vrijspel (KB)</discipline>
            <tsp>65</tsp>
        </player>
        <player>
            <order>5</order>
            <lic>37</lic>
            <name>Buitenhuis, Roy</name>
            <discipline>Vrijspel (KB)</discipline>
            <tsp>75</tsp>
        </player>
        <player>
            <order>7</order>
            <lic>39</lic>
            <name>Pollaert, Sjra</name>
            <discipline>Vrijspel (KB)</discipline>
            <tsp>70</tsp>
        </player>
        <player>
            <order>R</order>
            <lic>3573</lic>
            <name>Ratelband, John</name>
            <discipline>Vrijspel (KB)</discipline>
            <tsp>31</tsp>
        </player>
        <player>
            <order>R</order>
            <lic>3406</lic>
            <name>Giesberts, Jo</name>
            <discipline>Vrijspel (KB)</discipline>
            <tsp>50</tsp>
        </player>
        <player>
            <order>1</order>
            <lic>1226</lic>
            <name>Rens van, Joop</name>
            <discipline>Vrijspel (KB)</discipline>
            <tsp>95</tsp>
        </player>
        <player>
            <order>R</order>
            <lic>3404</lic>
            <name>Kiggen, Frans</name>
            <discipline>Vrijspel (KB)</discipline>
            <tsp>55</tsp>
        </player>
        <player>
            <order>R</order>
            <lic>2457</lic>
            <name>Schaefer, Wiel</name>
            <discipline>Vrijspel (KB)</discipline>
            <tsp>40</tsp>
        </player>
        <player>
            <order>R</order>
            <lic>2336</lic>
            <name>Poulussen, Roger</name>
            <discipline>Vrijspel (KB)</discipline>
            <tsp>55</tsp>
        </player>
        <player>
            <order>2</order>
            <lic>2376</lic>
            <name>Stienen, Joey</name>
            <discipline>Vrijspel (KB)</discipline>
            <tsp>75</tsp>
        </player>
        <player>
            <order>R</order>
            <lic>40</lic>
            <name>Pollaert, Ad</name>
            <discipline>Vrijspel (KB)</discipline>
            <tsp>55</tsp>
        </player>
        <player>
            <order>16</order>
            <lic>1703</lic>
            <name>Hodzelmans, Peter-Paul</name>
            <discipline>Vrijspel (KB)</discipline>
            <tsp>45</tsp>
        </player>
        <player>
            <order>9</order>
            <lic>43</lic>
            <name>Pollaert, Har</name>
            <discipline>Vrijspel (KB)</discipline>
            <tsp>45</tsp>
        </player>
    </team>
    <team>
        <name>JACHTHUIS 'T 3</name>
        <fixedplayers>9:10:11:12:</fixedplayers>
        <player>
            <order>R</order>
            <lic>1484</lic>
            <name>Masseling, Jaap</name>
            <discipline>Vrijspel (KB)</discipline>
            <tsp>50</tsp>
        </player>
        <player>
            <order>11</order>
            <lic>3054</lic>
            <name>Vinken, Luc</name>
            <discipline>Vrijspel (KB)</discipline>
            <tsp>40</tsp>
        </player>
        <player>
            <order>10</order>
            <lic>2294</lic>
            <name>Joosten, Mart</name>
            <discipline>Vrijspel (KB)</discipline>
            <tsp>50</tsp>
        </player>
        <player>
            <order>3</order>
            <lic>1701</lic>
            <name>Soentjens, Geert</name>
            <discipline>Vrijspel (KB)</discipline>
            <tsp>60</tsp>
        </player>
        <player>
            <order>8</order>
            <lic>1424</lic>
            <name>Koolen, Louis</name>
            <discipline>Vrijspel (KB)</discipline>
            <tsp>45</tsp>
        </player>
        <player>
            <order>6</order>
            <lic>3204</lic>
            <name>Dor_, John</name>
            <discipline>Vrijspel (KB)</discipline>
            <tsp>55</tsp>
        </player>
        <player>
            <order>2</order>
            <lic>1696</lic>
            <name>Hilgers, Huib</name>
            <discipline>Vrijspel (KB)</discipline>
            <tsp>70</tsp>
        </player>
        <player>
            <order>7</order>
            <lic>1025</lic>
            <name>Timmermans, Bert</name>
            <discipline>Vrijspel (KB)</discipline>
            <tsp>45</tsp>
        </player>
        <player>
            <order>5</order>
            <lic>1013</lic>
            <name>Suntjens, Sibert</name>
            <discipline>Vrijspel (KB)</discipline>
            <tsp>55</tsp>
        </player>
        <player>
            <order>R</order>
            <lic>1695</lic>
            <name>Cobben, Sef</name>
            <discipline>Vrijspel (KB)</discipline>
            <tsp>35</tsp>
        </player>
        <player>
            <order>1</order>
            <lic>1980</lic>
            <name>Hoogmans, Thijs</name>
            <discipline>Vrijspel (KB)</discipline>
            <tsp>80</tsp>
        </player>
        <player>
            <order>9</order>
            <lic>1012</lic>
            <name>Rulkens, Mat</name>
            <discipline>Vrijspel (KB)</discipline>
            <tsp>55</tsp>
        </player>
        <player>
            <order>12</order>
            <lic>3732</lic>
            <name>Jeurninck, Corn_</name>
            <discipline>Vrijspel (KB)</discipline>
            <tsp>40</tsp>
        </player>
        <player>
            <order>R</order>
            <lic>53</lic>
            <name>Delissen, Jan</name>
            <discipline>Vrijspel (KB)</discipline>
            <tsp>50</tsp>
        </player>
        <player>
            <order>4</order>
            <lic>1702</lic>
            <name>Ramaekers, Geert</name>
            <discipline>Vrijspel (KB)</discipline>
            <tsp>45</tsp>
        </player>
        <player>
            <order>R</order>
            <lic>1977</lic>
            <name>Delissen, Hugo</name>
            <discipline>Vrijspel (KB)</discipline>
            <tsp>50</tsp>
        </player>
    </team>
    <team>
        <name>TOP 4</name>
        <fixedplayers>12:13:14:15:</fixedplayers>
        <player>
            <order>R</order>
            <lic>2190</lic>
            <name>Hofkens, Lei</name>
            <discipline>Drieband (KB)</discipline>
            <tsp>24</tsp>
        </player>
        <player>
            <order>R</order>
            <lic>1220</lic>
            <name>Sliepen, Jos</name>
            <discipline>Vrijspel (KB)</discipline>
            <tsp>29</tsp>
        </player>
        <player>
            <order>6</order>
            <lic>3583</lic>
            <name>Geurtjens, Cees</name>
            <discipline>Vrijspel (KB)</discipline>
            <tsp>65</tsp>
        </player>
        <player>
            <order>R</order>
            <lic>2494</lic>
            <name>Lupinu, Salvatore</name>
            <discipline>Drieband (KB)</discipline>
            <tsp>22</tsp>
        </player>
        <player>
            <order>R</order>
            <lic>2030</lic>
            <name>Slaats, Mart</name>
            <discipline>Drieband (KB)</discipline>
            <tsp>26</tsp>
        </player>
        <player>
            <order>R</order>
            <lic>332</lic>
            <name>Seuren, Koos</name>
            <discipline>Drieband (KB)</discipline>
            <tsp>26</tsp>
        </player>
        <player>
            <order>R</order>
            <lic>1534</lic>
            <name>Frenken, Helmut</name>
            <discipline>Vrijspel (KB)</discipline>
            <tsp>65</tsp>
        </player>
        <player>
            <order>R</order>
            <lic>3558</lic>
            <name>Osterop, Har</name>
            <discipline>Vrijspel (KB)</discipline>
            <tsp>27</tsp>
        </player>
        <player>
            <order>8</order>
            <lic>2820</lic>
            <name>Keizers, Ruud</name>
            <discipline>Vrijspel (KB)</discipline>
            <tsp>60</tsp>
        </player>
        <player>
            <order>R</order>
            <lic>1214</lic>
            <name>Neelen, Frans</name>
            <discipline>Vrijspel (KB)</discipline>
            <tsp>40</tsp>
        </player>
        <player>
            <order>12</order>
            <lic>2269</lic>
            <name>Nott_, Wim</name>
            <discipline>Vrijspel (KB)</discipline>
            <tsp>50</tsp>
        </player>
        <player>
            <order>5</order>
            <lic>1276</lic>
            <name>Hammer, Huib</name>
            <discipline>Vrijspel (KB)</discipline>
            <tsp>65</tsp>
        </player>
        <player>
            <order>13</order>
            <lic>436</lic>
            <name>Hattum van, Frans</name>
            <discipline>Vrijspel (KB)</discipline>
            <tsp>45</tsp>
        </player>
        <player>
            <order>18</order>
            <lic>1210</lic>
            <name>Janssen, Leo</name>
            <discipline>Vrijspel (KB)</discipline>
            <tsp>26</tsp>
        </player>
        <player>
            <order>R</order>
            <lic>3432</lic>
            <name>Konings, Piet</name>
            <discipline>Vrijspel (KB)</discipline>
            <tsp>21</tsp>
        </player>
        <player>
            <order>15</order>
            <lic>1219</lic>
            <name>Slangen, Jan</name>
            <discipline>Vrijspel (KB)</discipline>
            <tsp>45</tsp>
        </player>
        <player>
            <order>R</order>
            <lic>1218</lic>
            <name>Manders, Jos</name>
            <discipline>Drieband (KB)</discipline>
            <tsp>22</tsp>
        </player>
        <player>
            <order>R</order>
            <lic>3430</lic>
            <name>Keuren, Thei</name>
            <discipline>Vrijspel (KB)</discipline>
            <tsp>45</tsp>
        </player>
        <player>
            <order>R</order>
            <lic>164</lic>
            <name>Coolen, Michel</name>
            <discipline>Vrijspel (KB)</discipline>
            <tsp>65</tsp>
        </player>
        <player>
            <order>4</order>
            <lic>3428</lic>
            <name>Buckinx, Hay</name>
            <discipline>Vrijspel (KB)</discipline>
            <tsp>70</tsp>
        </player>
        <player>
            <order>R</order>
            <lic>1206</lic>
            <name>Backers, Har</name>
            <discipline>Vrijspel (KB)</discipline>
            <tsp>55</tsp>
        </player>
        <player>
            <order>10</order>
            <lic>166</lic>
            <name>Keuren, Ren_</name>
            <discipline>Vrijspel (KB)</discipline>
            <tsp>50</tsp>
        </player>
        <player>
            <order>R</order>
            <lic>3427</lic>
            <name>Brok den, Peter</name>
            <discipline>Vrijspel (KB)</discipline>
            <tsp>50</tsp>
        </player>
        <player>
            <order>11</order>
            <lic>1542</lic>
            <name>Kinderen der, Tiny</name>
            <discipline>Vrijspel (KB)</discipline>
            <tsp>45</tsp>
        </player>
        <player>
            <order>16</order>
            <lic>327</lic>
            <name>Janssen, Piet</name>
            <discipline>Vrijspel (KB)</discipline>
            <tsp>26</tsp>
        </player>
        <player>
            <order>14</order>
            <lic>1529</lic>
            <name>IJsermans, Wiel</name>
            <discipline>Vrijspel (KB)</discipline>
            <tsp>45</tsp>
        </player>
        <player>
            <order>7</order>
            <lic>3703</lic>
            <name>Jennekens, Rob</name>
            <discipline>Vrijspel (KB)</discipline>
            <tsp>45</tsp>
        </player>
    </team>
    <team>
        <name>VRIENDENKRING 4</name>
        <fixedplayers>10:11:12:13:</fixedplayers>
        <player>
            <order>R</order>
            <lic>2165</lic>
            <name>Smaak, Ton</name>
            <discipline>Vrijspel (KB)</discipline>
            <tsp>85</tsp>
        </player>
        <player>
            <order>R</order>
            <lic>1450</lic>
            <name>Beek v.d., Huub</name>
            <discipline>Vrijspel (KB)</discipline>
            <tsp>65</tsp>
        </player>
        <player>
            <order>R</order>
            <lic>580</lic>
            <name>Swinkels, Henk</name>
            <discipline>Vrijspel (KB)</discipline>
            <tsp>55</tsp>
        </player>
        <player>
            <order>R</order>
            <lic>1910</lic>
            <name>Beijnsbergen, Jeu</name>
            <discipline>K38/2</discipline>
            <tsp>80</tsp>
        </player>
        <player>
            <order>13</order>
            <lic>2801</lic>
            <name>Lemaire, Richard</name>
            <discipline>Vrijspel (KB)</discipline>
            <tsp>40</tsp>
        </player>
        <player>
            <order>R</order>
            <lic>1338</lic>
            <name>Heinders, Hub   (LGH2)</name>
            <discipline>Vrijspel (KB)</discipline>
            <tsp>260</tsp>
        </player>
        <player>
            <order>R</order>
            <lic>3902</lic>
            <name>Korsten, Peter</name>
            <discipline>Vrijspel (KB)</discipline>
            <tsp>65</tsp>
        </player>
        <player>
            <order>20</order>
            <lic>210</lic>
            <name>Beek v.d., Emiel</name>
            <discipline>Vrijspel (KB)</discipline>
            <tsp>34</tsp>
        </player>
        <player>
            <order>R</order>
            <lic>221</lic>
            <name>Thielens, Freddy</name>
            <discipline>K38/2</discipline>
            <tsp>80</tsp>
        </player>
        <player>
            <order>18</order>
            <lic>342</lic>
            <name>Schmitz, Erik</name>
            <discipline>Vrijspel (KB)</discipline>
            <tsp>44</tsp>
        </player>
        <player>
            <order>R</order>
            <lic>155</lic>
            <name>Neelen, John</name>
            <discipline>Vrijspel (KB)</discipline>
            <tsp>125</tsp>
        </player>
        <player>
            <order>R</order>
            <lic>1336</lic>
            <name>Fermont, Jan</name>
            <discipline>Drieband (KB)</discipline>
            <tsp>24</tsp>
        </player>
        <player>
            <order>R</order>
            <lic>212</lic>
            <name>Beek v.d., Sef</name>
            <discipline>Vrijspel (KB)</discipline>
            <tsp>55</tsp>
        </player>
        <player>
            <order>R</order>
            <lic>1522</lic>
            <name>V_lke, Ron</name>
            <discipline>Vrijspel (KB)</discipline>
            <tsp>70</tsp>
        </player>
        <player>
            <order>12</order>
            <lic>3325</lic>
            <name>Balendonck, Bert</name>
            <discipline>Vrijspel (KB)</discipline>
            <tsp>45</tsp>
        </player>
        <player>
            <order>R</order>
            <lic>1541</lic>
            <name>Heijnen, Bair</name>
            <discipline>Vrijspel (KB)</discipline>
            <tsp>65</tsp>
        </player>
        <player>
            <order>10</order>
            <lic>1452</lic>
            <name>Selder, Wally</name>
            <discipline>Vrijspel (KB)</discipline>
            <tsp>55</tsp>
        </player>
        <player>
            <order>R</order>
            <lic>602</lic>
            <name>Stams, Wim</name>
            <discipline>Drieband (KB)</discipline>
            <tsp>32</tsp>
        </player>
        <player>
            <order>R</order>
            <lic>767</lic>
            <name>Smeets, Piet</name>
            <discipline>K38/2</discipline>
            <tsp>80</tsp>
        </player>
        <player>
            <order>R</order>
            <lic>911</lic>
            <name>Deurzen van, Joop</name>
            <discipline>Vrijspel (KB)</discipline>
            <tsp>85</tsp>
        </player>
        <player>
            <order>17</order>
            <lic>2906</lic>
            <name>Slaats, Leon</name>
            <discipline>Vrijspel (KB)</discipline>
            <tsp>65</tsp>
        </player>
        <player>
            <order>R</order>
            <lic>3619</lic>
            <name>Leijendeckers, Huub</name>
            <discipline>Drieband (KB)</discipline>
            <tsp>30</tsp>
        </player>
        <player>
            <order>R</order>
            <lic>3778</lic>
            <name>Schmitz, John</name>
            <discipline>Drieband (KB)</discipline>
            <tsp>24</tsp>
        </player>
        <player>
            <order>R</order>
            <lic>3901</lic>
            <name>Frencken, Jan</name>
            <discipline>Vrijspel (KB)</discipline>
            <tsp>29</tsp>
        </player>
    </team>
</competition>
