<?xml version="1.0" encoding="UTF-8"?><competition>
    <name>4e Klasse C</name>
    <contactname/>
    <contactemail/>
    <league>MLBB</league>
    <group/>
    <pointsystem>MATCHPOINTS</pointsystem>
    <tableformat>2,30m</tableformat>
    <discipline>Vrijspel (KB)</discipline>
    <nbrofplayers>3</nbrofplayers>
    <disciplineplayers/>
    <tspplayers/>
    <team>
        <name>NOEWE BROOK 'T 3</name>
        <fixedplayers>8:9:10:11:</fixedplayers>
        <player>
            <order>10</order>
            <lic>3792</lic>
            <name>Sniekers, Wim</name>
            <discipline>Vrijspel (KB)</discipline>
            <tsp>40</tsp>
        </player>
        <player>
            <order>4</order>
            <lic>2265</lic>
            <name>Wolter, John</name>
            <discipline>Vrijspel (KB)</discipline>
            <tsp>65</tsp>
        </player>
        <player>
            <order>6</order>
            <lic>2155</lic>
            <name>Tillmans, Marco</name>
            <discipline>Vrijspel (KB)</discipline>
            <tsp>50</tsp>
        </player>
        <player>
            <order>R</order>
            <lic>1253</lic>
            <name>Reyven, Jan</name>
            <discipline>Vrijspel (KB)</discipline>
            <tsp>60</tsp>
        </player>
        <player>
            <order>11</order>
            <lic>1822</lic>
            <name>Craemers, Wim</name>
            <discipline>Vrijspel (KB)</discipline>
            <tsp>31</tsp>
        </player>
        <player>
            <order>2</order>
            <lic>980</lic>
            <name>Verdonkschot, Jos</name>
            <discipline>Vrijspel (KB)</discipline>
            <tsp>75</tsp>
        </player>
        <player>
            <order>8</order>
            <lic>1237</lic>
            <name>Verdonschot, Fred</name>
            <discipline>Vrijspel (KB)</discipline>
            <tsp>55</tsp>
        </player>
        <player>
            <order>3</order>
            <lic>1257</lic>
            <name>Geurts, Chretien</name>
            <discipline>Vrijspel (KB)</discipline>
            <tsp>65</tsp>
        </player>
        <player>
            <order>5</order>
            <lic>2005</lic>
            <name>Thielens, Ad</name>
            <discipline>Vrijspel (KB)</discipline>
            <tsp>55</tsp>
        </player>
        <player>
            <order>1</order>
            <lic>3866</lic>
            <name>Zwart, Bert</name>
            <discipline>Vrijspel (KB)</discipline>
            <tsp>165</tsp>
        </player>
        <player>
            <order>9</order>
            <lic>3811</lic>
            <name>Craemers, Jim</name>
            <discipline>Vrijspel (KB)</discipline>
            <tsp>40</tsp>
        </player>
        <player>
            <order>R</order>
            <lic>1736</lic>
            <name>Heijkers, Leon</name>
            <discipline>Vrijspel (KB)</discipline>
            <tsp>60</tsp>
        </player>
        <player>
            <order>R</order>
            <lic>2704</lic>
            <name>Verdonkschot, Fred</name>
            <discipline>Vrijspel (KB)</discipline>
            <tsp>33</tsp>
        </player>
        <player>
            <order>R</order>
            <lic>3647</lic>
            <name>Verdonkschot, Gijs</name>
            <discipline>Vrijspel (KB)</discipline>
            <tsp>27</tsp>
        </player>
        <player>
            <order>7</order>
            <lic>3648</lic>
            <name>Verheiden, Guus</name>
            <discipline>Vrijspel (KB)</discipline>
            <tsp>50</tsp>
        </player>
        <player>
            <order>R</order>
            <lic>3912</lic>
            <name>Stals, Tinus</name>
            <discipline>Vrijspel (KB)</discipline>
            <tsp>40</tsp>
        </player>
    </team>
    <team>
        <name>DOORSTOTERS 1</name>
        <fixedplayers>1:2:3:4:</fixedplayers>
        <player>
            <order>2</order>
            <lic>1459</lic>
            <name>Creemers, Roger</name>
            <discipline>Vrijspel (KB)</discipline>
            <tsp>45</tsp>
        </player>
        <player>
            <order>R</order>
            <lic>1886</lic>
            <name>Janssen, Peter</name>
            <discipline>Vrijspel (KB)</discipline>
            <tsp>29</tsp>
        </player>
        <player>
            <order>3</order>
            <lic>823</lic>
            <name>Aben, Hans</name>
            <discipline>Vrijspel (KB)</discipline>
            <tsp>45</tsp>
        </player>
        <player>
            <order>1</order>
            <lic>825</lic>
            <name>Heemels, Herman</name>
            <discipline>Vrijspel (KB)</discipline>
            <tsp>45</tsp>
        </player>
        <player>
            <order>4</order>
            <lic>3284</lic>
            <name>Rijk de, Jos</name>
            <discipline>Vrijspel (KB)</discipline>
            <tsp>31</tsp>
        </player>
    </team>
    <team>
        <name>SWALMEN 5</name>
        <fixedplayers>14:15:16:17:</fixedplayers>
        <player>
            <order>1</order>
            <lic>907</lic>
            <name>Burhenne, Sjeng   (LGH2)</name>
            <discipline>Vrijspel (KB)</discipline>
            <tsp>400</tsp>
        </player>
        <player>
            <order>16</order>
            <lic>3420</lic>
            <name>Jordan, Lucienne</name>
            <discipline>Vrijspel (KB)</discipline>
            <tsp>25</tsp>
        </player>
        <player>
            <order>R</order>
            <lic>1000</lic>
            <name>Ramakers, Chris</name>
            <discipline>Vrijspel (KB)</discipline>
            <tsp>45</tsp>
        </player>
        <player>
            <order>12</order>
            <lic>2692</lic>
            <name>Janssen, Peter</name>
            <discipline>Vrijspel (KB)</discipline>
            <tsp>45</tsp>
        </player>
        <player>
            <order>5</order>
            <lic>3087</lic>
            <name>Buschman, Jan</name>
            <discipline>Vrijspel (KB)</discipline>
            <tsp>100</tsp>
        </player>
        <player>
            <order>7</order>
            <lic>2691</lic>
            <name>Camp op de, Paul</name>
            <discipline>Vrijspel (KB)</discipline>
            <tsp>150</tsp>
        </player>
        <player>
            <order>14</order>
            <lic>391</lic>
            <name>Heymann, Theo</name>
            <discipline>Vrijspel (KB)</discipline>
            <tsp>45</tsp>
        </player>
        <player>
            <order>R</order>
            <lic>1133</lic>
            <name>Camp op den, Wilma</name>
            <discipline>Vrijspel (KB)</discipline>
            <tsp>40</tsp>
        </player>
        <player>
            <order>R</order>
            <lic>912</lic>
            <name>Fermont, Frans</name>
            <discipline>Vrijspel (KB)</discipline>
            <tsp>185</tsp>
        </player>
        <player>
            <order>2</order>
            <lic>2947</lic>
            <name>Rossum van, Herman</name>
            <discipline>Vrijspel (KB)</discipline>
            <tsp>240</tsp>
        </player>
        <player>
            <order>17</order>
            <lic>2923</lic>
            <name>Meuter, Peter</name>
            <discipline>Vrijspel (KB)</discipline>
            <tsp>21</tsp>
        </player>
        <player>
            <order>3</order>
            <lic>919</lic>
            <name>Koelen, Daan</name>
            <discipline>Vrijspel (KB)</discipline>
            <tsp>185</tsp>
        </player>
        <player>
            <order>R</order>
            <lic>1132</lic>
            <name>Camp op den, Thijs</name>
            <discipline>Vrijspel (KB)</discipline>
            <tsp>55</tsp>
        </player>
        <player>
            <order>R</order>
            <lic>1154</lic>
            <name>Camp op den, Hen</name>
            <discipline>Vrijspel (KB)</discipline>
            <tsp>45</tsp>
        </player>
        <player>
            <order>11</order>
            <lic>1131</lic>
            <name>Bonten, Thijs</name>
            <discipline>Vrijspel (KB)</discipline>
            <tsp>45</tsp>
        </player>
        <player>
            <order>9</order>
            <lic>1151</lic>
            <name>Perriens, Theo</name>
            <discipline>Vrijspel (KB)</discipline>
            <tsp>60</tsp>
        </player>
        <player>
            <order>6</order>
            <lic>2436</lic>
            <name>Timmermans, Piet</name>
            <discipline>Vrijspel (KB)</discipline>
            <tsp>70</tsp>
        </player>
        <player>
            <order>8</order>
            <lic>1149</lic>
            <name>Peeters, Jack</name>
            <discipline>Vrijspel (KB)</discipline>
            <tsp>65</tsp>
        </player>
        <player>
            <order>10</order>
            <lic>1147</lic>
            <name>Ool van, Gerard</name>
            <discipline>Vrijspel (KB)</discipline>
            <tsp>50</tsp>
        </player>
        <player>
            <order>R</order>
            <lic>1124</lic>
            <name>Claassen, Theo</name>
            <discipline>Vrijspel (KB)</discipline>
            <tsp>60</tsp>
        </player>
        <player>
            <order>R</order>
            <lic>1146</lic>
            <name>Cluitmans, Jo</name>
            <discipline>Vrijspel (KB)</discipline>
            <tsp>40</tsp>
        </player>
        <player>
            <order>13</order>
            <lic>1145</lic>
            <name>Meuter, Theo</name>
            <discipline>Vrijspel (KB)</discipline>
            <tsp>45</tsp>
        </player>
        <player>
            <order>15</order>
            <lic>2795</lic>
            <name>Claassen, Els</name>
            <discipline>Vrijspel (KB)</discipline>
            <tsp>29</tsp>
        </player>
        <player>
            <order>R</order>
            <lic>3720</lic>
            <name>Avesaath van, Pierre</name>
            <discipline>Vrijspel (KB)</discipline>
            <tsp>45</tsp>
        </player>
        <player>
            <order>R</order>
            <lic>3721</lic>
            <name>Pr�st, Diana</name>
            <discipline>Vrijspel (KB)</discipline>
            <tsp>15</tsp>
        </player>
        <player>
            <order>R</order>
            <lic>3822</lic>
            <name>Sanders, Louis</name>
            <discipline>Vrijspel (KB)</discipline>
            <tsp>65</tsp>
        </player>
        <player>
            <order>4</order>
            <lic>1504</lic>
            <name>Clerx, Miel</name>
            <discipline>Vrijspel (KB)</discipline>
            <tsp>100</tsp>
        </player>
    </team>
    <team>
        <name>MONTFORT 5</name>
        <fixedplayers>14:15:16:17:</fixedplayers>
        <player>
            <order>16</order>
            <lic>3858</lic>
            <name>Ophoven van, Hans</name>
            <discipline>Vrijspel (KB)</discipline>
            <tsp>40</tsp>
        </player>
        <player>
            <order>R</order>
            <lic>693</lic>
            <name>Beckers, Sjaak</name>
            <discipline>Vrijspel (KB)</discipline>
            <tsp>55</tsp>
        </player>
        <player>
            <order>20</order>
            <lic>3239</lic>
            <name>Goot van der, Har</name>
            <discipline>Vrijspel (KB)</discipline>
            <tsp>55</tsp>
        </player>
        <player>
            <order>1</order>
            <lic>2324</lic>
            <name>Creemers, Ton   (LGH2)</name>
            <discipline>Vrijspel (KB)</discipline>
            <tsp>300</tsp>
        </player>
        <player>
            <order>2</order>
            <lic>697</lic>
            <name>Coenen, Piet</name>
            <discipline>Vrijspel (KB)</discipline>
            <tsp>125</tsp>
        </player>
        <player>
            <order>R</order>
            <lic>1510</lic>
            <name>Cremers, Harry</name>
            <discipline>Vrijspel (KB)</discipline>
            <tsp>45</tsp>
        </player>
        <player>
            <order>R</order>
            <lic>3377</lic>
            <name>Wolters, Hans</name>
            <discipline>Vrijspel (KB)</discipline>
            <tsp>45</tsp>
        </player>
        <player>
            <order>R</order>
            <lic>713</lic>
            <name>Pol van, Piet</name>
            <discipline>Vrijspel (KB)</discipline>
            <tsp>80</tsp>
        </player>
        <player>
            <order>8</order>
            <lic>716</lic>
            <name>Thissen, Wiel</name>
            <discipline>Vrijspel (KB)</discipline>
            <tsp>75</tsp>
        </player>
        <player>
            <order>R</order>
            <lic>717</lic>
            <name>Vergoossen, Antoine</name>
            <discipline>Vrijspel (KB)</discipline>
            <tsp>145</tsp>
        </player>
        <player>
            <order>14</order>
            <lic>2967</lic>
            <name>Mans, Jan</name>
            <discipline>Vrijspel (KB)</discipline>
            <tsp>45</tsp>
        </player>
        <player>
            <order>11</order>
            <lic>3794</lic>
            <name>Mans, Jan</name>
            <discipline>Vrijspel (KB)</discipline>
            <tsp>55</tsp>
        </player>
        <player>
            <order>R</order>
            <lic>3375</lic>
            <name>Aben, Geer</name>
            <discipline>Vrijspel (KB)</discipline>
            <tsp>40</tsp>
        </player>
        <player>
            <order>7</order>
            <lic>3099</lic>
            <name>Sieben, Harrie</name>
            <discipline>Vrijspel (KB)</discipline>
            <tsp>95</tsp>
        </player>
        <player>
            <order>6</order>
            <lic>3373</lic>
            <name>Roeper de, Antoon</name>
            <discipline>Vrijspel (KB)</discipline>
            <tsp>75</tsp>
        </player>
        <player>
            <order>R</order>
            <lic>2999</lic>
            <name>Zeelen, Jo</name>
            <discipline>Vrijspel (KB)</discipline>
            <tsp>60</tsp>
        </player>
        <player>
            <order>4</order>
            <lic>2998</lic>
            <name>Gehlen, Maurice</name>
            <discipline>Vrijspel (KB)</discipline>
            <tsp>150</tsp>
        </player>
        <player>
            <order>R</order>
            <lic>3207</lic>
            <name>Hendrikx, Edith</name>
            <discipline>Vrijspel (KB)</discipline>
            <tsp>40</tsp>
        </player>
        <player>
            <order>15</order>
            <lic>3206</lic>
            <name>Hendrikx, Harald</name>
            <discipline>Vrijspel (KB)</discipline>
            <tsp>40</tsp>
        </player>
        <player>
            <order>R</order>
            <lic>3129</lic>
            <name>Habets, John</name>
            <discipline>Vrijspel (KB)</discipline>
            <tsp>50</tsp>
        </player>
        <player>
            <order>R</order>
            <lic>721</lic>
            <name>Wolters, Piet</name>
            <discipline>Vrijspel (KB)</discipline>
            <tsp>60</tsp>
        </player>
        <player>
            <order>18</order>
            <lic>701</lic>
            <name>Feller, Jan</name>
            <discipline>Vrijspel (KB)</discipline>
            <tsp>100</tsp>
        </player>
        <player>
            <order>17</order>
            <lic>3764</lic>
            <name>Heuts, John</name>
            <discipline>Vrijspel (KB)</discipline>
            <tsp>40</tsp>
        </player>
        <player>
            <order>19</order>
            <lic>704</lic>
            <name>Hawinkels, Biek</name>
            <discipline>Vrijspel (KB)</discipline>
            <tsp>55</tsp>
        </player>
        <player>
            <order>R</order>
            <lic>905</lic>
            <name>Hawinkels, Jo</name>
            <discipline>Vrijspel (KB)</discipline>
            <tsp>50</tsp>
        </player>
        <player>
            <order>5</order>
            <lic>708</lic>
            <name>Housmans, Jo</name>
            <discipline>Vrijspel (KB)</discipline>
            <tsp>100</tsp>
        </player>
    </team>
    <team>
        <name>BREER DE 4</name>
        <fixedplayers>13:14:15:16:</fixedplayers>
        <player>
            <order>8</order>
            <lic>3563</lic>
            <name>Schaefer, Mart</name>
            <discipline>Vrijspel (KB)</discipline>
            <tsp>50</tsp>
        </player>
        <player>
            <order>12</order>
            <lic>1230</lic>
            <name>Fermont, John</name>
            <discipline>Vrijspel (KB)</discipline>
            <tsp>50</tsp>
        </player>
        <player>
            <order>R</order>
            <lic>1461</lic>
            <name>Lutgens, Ger</name>
            <discipline>Vrijspel (KB)</discipline>
            <tsp>60</tsp>
        </player>
        <player>
            <order>9</order>
            <lic>3495</lic>
            <name>Schuman, Sonny</name>
            <discipline>Vrijspel (KB)</discipline>
            <tsp>55</tsp>
        </player>
        <player>
            <order>10</order>
            <lic>3066</lic>
            <name>Fermont, Jannie</name>
            <discipline>Vrijspel (KB)</discipline>
            <tsp>50</tsp>
        </player>
        <player>
            <order>4</order>
            <lic>3130</lic>
            <name>Balendonck, Tjeerd</name>
            <discipline>Vrijspel (KB)</discipline>
            <tsp>55</tsp>
        </player>
        <player>
            <order>13</order>
            <lic>3064</lic>
            <name>Balendonck, Jo</name>
            <discipline>Vrijspel (KB)</discipline>
            <tsp>45</tsp>
        </player>
        <player>
            <order>15</order>
            <lic>2382</lic>
            <name>Masolijn, Piet</name>
            <discipline>Vrijspel (KB)</discipline>
            <tsp>40</tsp>
        </player>
        <player>
            <order>R</order>
            <lic>3493</lic>
            <name>Burhenne, Don</name>
            <discipline>Vrijspel (KB)</discipline>
            <tsp>40</tsp>
        </player>
        <player>
            <order>16</order>
            <lic>3063</lic>
            <name>Simons, Frans</name>
            <discipline>Vrijspel (KB)</discipline>
            <tsp>31</tsp>
        </player>
        <player>
            <order>3</order>
            <lic>3062</lic>
            <name>Balendonck, Ton</name>
            <discipline>Vrijspel (KB)</discipline>
            <tsp>55</tsp>
        </player>
        <player>
            <order>R</order>
            <lic>2975</lic>
            <name>Looyen, Leo</name>
            <discipline>Vrijspel (KB)</discipline>
            <tsp>31</tsp>
        </player>
        <player>
            <order>R</order>
            <lic>1841</lic>
            <name>Beek v.d., Robert</name>
            <discipline>Vrijspel (KB)</discipline>
            <tsp>60</tsp>
        </player>
        <player>
            <order>2</order>
            <lic>2972</lic>
            <name>Fermont, Marcel</name>
            <discipline>Vrijspel (KB)</discipline>
            <tsp>55</tsp>
        </player>
        <player>
            <order>6</order>
            <lic>3422</lic>
            <name>Damen, Sjengy</name>
            <discipline>Vrijspel (KB)</discipline>
            <tsp>55</tsp>
        </player>
        <player>
            <order>14</order>
            <lic>3444</lic>
            <name>Ketelaars, Har</name>
            <discipline>Vrijspel (KB)</discipline>
            <tsp>40</tsp>
        </player>
        <player>
            <order>5</order>
            <lic>1441</lic>
            <name>Winters, Hiel</name>
            <discipline>Vrijspel (KB)</discipline>
            <tsp>60</tsp>
        </player>
        <player>
            <order>7</order>
            <lic>1507</lic>
            <name>Verkoulen, Jokke</name>
            <discipline>Vrijspel (KB)</discipline>
            <tsp>50</tsp>
        </player>
        <player>
            <order>R</order>
            <lic>1947</lic>
            <name>Surprise, Steve</name>
            <discipline>Vrijspel (KB)</discipline>
            <tsp>60</tsp>
        </player>
        <player>
            <order>1</order>
            <lic>2318</lic>
            <name>Smeets, Ron</name>
            <discipline>Vrijspel (KB)</discipline>
            <tsp>60</tsp>
        </player>
        <player>
            <order>11</order>
            <lic>3407</lic>
            <name>Schuman, Jo</name>
            <discipline>Vrijspel (KB)</discipline>
            <tsp>50</tsp>
        </player>
    </team>
    <team>
        <name>BOEKOEL 5</name>
        <fixedplayers>14:15:16:17:</fixedplayers>
        <player>
            <order>R</order>
            <lic>88</lic>
            <name>Hendrickx, Ben</name>
            <discipline>K38/2</discipline>
            <tsp>125</tsp>
        </player>
        <player>
            <order>4</order>
            <lic>89</lic>
            <name>Hendrickx, Frank</name>
            <discipline>Vrijspel (KB)</discipline>
            <tsp>180</tsp>
        </player>
        <player>
            <order>22</order>
            <lic>2107</lic>
            <name>Hansen, Paul   (BS)</name>
            <discipline>Vrijspel (KB)</discipline>
            <tsp>105</tsp>
        </player>
        <player>
            <order>2</order>
            <lic>1216</lic>
            <name>Poeth, Peter</name>
            <discipline>Vrijspel (KB)</discipline>
            <tsp>130</tsp>
        </player>
        <player>
            <order>26</order>
            <lic>3738</lic>
            <name>Beckers, Joop</name>
            <discipline>Vrijspel (KB)</discipline>
            <tsp>50</tsp>
        </player>
        <player>
            <order>R</order>
            <lic>3739</lic>
            <name>Dwarswaard, Jan</name>
            <discipline>Vrijspel (KB)</discipline>
            <tsp>35</tsp>
        </player>
        <player>
            <order>R</order>
            <lic>236</lic>
            <name>Beckers, Ton</name>
            <discipline>Vrijspel (KB)</discipline>
            <tsp>45</tsp>
        </player>
        <player>
            <order>R</order>
            <lic>3235</lic>
            <name>Reefs, Piet</name>
            <discipline>Vrijspel (KB)</discipline>
            <tsp>33</tsp>
        </player>
        <player>
            <order>R</order>
            <lic>1397</lic>
            <name>Gemert van, Wiel  (57/2)</name>
            <discipline>K38/2</discipline>
            <tsp>350</tsp>
        </player>
        <player>
            <order>10</order>
            <lic>316</lic>
            <name>Wijnands, Ger</name>
            <discipline>Vrijspel (KB)</discipline>
            <tsp>55</tsp>
        </player>
        <player>
            <order>18</order>
            <lic>2807</lic>
            <name>Koch, Wiel   (BS)</name>
            <discipline>Vrijspel (KB)</discipline>
            <tsp>85</tsp>
        </player>
        <player>
            <order>R</order>
            <lic>912</lic>
            <name>Fermont, Frans   (BS)</name>
            <discipline>Vrijspel (KB)</discipline>
            <tsp>80</tsp>
        </player>
        <player>
            <order>R</order>
            <lic>2806</lic>
            <name>Heuts, Hein</name>
            <discipline>Vrijspel (KB)</discipline>
            <tsp>90</tsp>
        </player>
        <player>
            <order>14</order>
            <lic>1891</lic>
            <name>Damen, Leon</name>
            <discipline>Vrijspel (KB)</discipline>
            <tsp>45</tsp>
        </player>
        <player>
            <order>R</order>
            <lic>1890</lic>
            <name>Bonten, Ashley</name>
            <discipline>Vrijspel (KB)</discipline>
            <tsp>45</tsp>
        </player>
        <player>
            <order>21</order>
            <lic>3471</lic>
            <name>Hinssen, Frans</name>
            <discipline>Vrijspel (KB)</discipline>
            <tsp>60</tsp>
        </player>
        <player>
            <order>R</order>
            <lic>3294</lic>
            <name>Verstegen, Theo</name>
            <discipline>Vrijspel (KB)</discipline>
            <tsp>29</tsp>
        </player>
        <player>
            <order>5</order>
            <lic>2810</lic>
            <name>Peulen, Hay</name>
            <discipline>Vrijspel (KB)</discipline>
            <tsp>150</tsp>
        </player>
        <player>
            <order>R</order>
            <lic>520</lic>
            <name>Peters, Ruud</name>
            <discipline>K38/2</discipline>
            <tsp>80</tsp>
        </player>
        <player>
            <order>13</order>
            <lic>2236</lic>
            <name>Thissen, Louis</name>
            <discipline>Vrijspel (KB)</discipline>
            <tsp>45</tsp>
        </player>
        <player>
            <order>R</order>
            <lic>3906</lic>
            <name>Derix, Herm</name>
            <discipline>Vrijspel (KB)</discipline>
            <tsp>90</tsp>
        </player>
        <player>
            <order>8</order>
            <lic>1223</lic>
            <name>Schaefer, Sjeng</name>
            <discipline>Vrijspel (KB)</discipline>
            <tsp>65</tsp>
        </player>
        <player>
            <order>R</order>
            <lic>3907</lic>
            <name>Hendrickx, Jo</name>
            <discipline>Vrijspel (KB)</discipline>
            <tsp>29</tsp>
        </player>
        <player>
            <order>R</order>
            <lic>3908</lic>
            <name>Linssen, Wiel</name>
            <discipline>Vrijspel (KB)</discipline>
            <tsp>40</tsp>
        </player>
        <player>
            <order>R</order>
            <lic>2773</lic>
            <name>Houwen, Frans</name>
            <discipline>Vrijspel (KB)</discipline>
            <tsp>40</tsp>
        </player>
        <player>
            <order>R</order>
            <lic>2552</lic>
            <name>Vintcent, Pieter</name>
            <discipline>Vrijspel (KB)</discipline>
            <tsp>75</tsp>
        </player>
        <player>
            <order>R</order>
            <lic>3740</lic>
            <name>Maessen, Piet</name>
            <discipline>Vrijspel (KB)</discipline>
            <tsp>40</tsp>
        </player>
        <player>
            <order>R</order>
            <lic>3840</lic>
            <name>Walstock, Twan</name>
            <discipline>Vrijspel (KB)</discipline>
            <tsp>35</tsp>
        </player>
        <player>
            <order>R</order>
            <lic>83</lic>
            <name>Bonten, Paul</name>
            <discipline>Vrijspel (KB)</discipline>
            <tsp>55</tsp>
        </player>
        <player>
            <order>R</order>
            <lic>3864</lic>
            <name>Moor de, Leopold</name>
            <discipline>Vrijspel (KB)</discipline>
            <tsp>45</tsp>
        </player>
        <player>
            <order>R</order>
            <lic>3766</lic>
            <name>Clumpkens, Maan</name>
            <discipline>Vrijspel (KB)</discipline>
            <tsp>40</tsp>
        </player>
        <player>
            <order>15</order>
            <lic>3767</lic>
            <name>Geraedts, John</name>
            <discipline>Vrijspel (KB)</discipline>
            <tsp>40</tsp>
        </player>
        <player>
            <order>R</order>
            <lic>85</lic>
            <name>F�sers, Jan</name>
            <discipline>Vrijspel (KB)</discipline>
            <tsp>25</tsp>
        </player>
        <player>
            <order>R</order>
            <lic>2715</lic>
            <name>Melis van, Jac</name>
            <discipline>Vrijspel (KB)</discipline>
            <tsp>50</tsp>
        </player>
        <player>
            <order>R</order>
            <lic>87</lic>
            <name>Gommans, Herman</name>
            <discipline>Vrijspel (KB)</discipline>
            <tsp>50</tsp>
        </player>
    </team>
    <team>
        <name>OVS 1</name>
        <fixedplayers>1:2:3:4:</fixedplayers>
        <player>
            <order>R</order>
            <lic>3387</lic>
            <name>Broen, Marian</name>
            <discipline>Vrijspel (KB)</discipline>
            <tsp>40</tsp>
        </player>
        <player>
            <order>R</order>
            <lic>3386</lic>
            <name>Ingen van, Hans</name>
            <discipline>Vrijspel (KB)</discipline>
            <tsp>45</tsp>
        </player>
        <player>
            <order>R</order>
            <lic>3385</lic>
            <name>Creemers, Wim</name>
            <discipline>Vrijspel (KB)</discipline>
            <tsp>60</tsp>
        </player>
        <player>
            <order>11</order>
            <lic>1172</lic>
            <name>Jong de, Theo</name>
            <discipline>Drieband</discipline>
            <tsp>26</tsp>
        </player>
        <player>
            <order>R</order>
            <lic>3074</lic>
            <name>Broen, Ren_</name>
            <discipline>Vrijspel (KB)</discipline>
            <tsp>45</tsp>
        </player>
        <player>
            <order>R</order>
            <lic>791</lic>
            <name>Evers, Rob</name>
            <discipline>Drieband (KB)</discipline>
            <tsp>20</tsp>
        </player>
        <player>
            <order>R</order>
            <lic>881</lic>
            <name>Helden van, Peter</name>
            <discipline>Drieband (KB)</discipline>
            <tsp>22</tsp>
        </player>
        <player>
            <order>R</order>
            <lic>3568</lic>
            <name>Haldermans, Tom</name>
            <discipline>Drieband (KB)</discipline>
            <tsp>18</tsp>
        </player>
        <player>
            <order>10</order>
            <lic>410</lic>
            <name>Evers, Giel</name>
            <discipline>Drieband</discipline>
            <tsp>28</tsp>
        </player>
        <player>
            <order>13</order>
            <lic>862</lic>
            <name>Pol van, Richard</name>
            <discipline>Drieband</discipline>
            <tsp>24</tsp>
        </player>
        <player>
            <order>R</order>
            <lic>896</lic>
            <name>Daamen, Wim</name>
            <discipline>Vrijspel (KB)</discipline>
            <tsp>45</tsp>
        </player>
        <player>
            <order>R</order>
            <lic>885</lic>
            <name>Heel van, Tom</name>
            <discipline>Vrijspel (KB)</discipline>
            <tsp>50</tsp>
        </player>
        <player>
            <order>R</order>
            <lic>3225</lic>
            <name>Broen, Remco</name>
            <discipline>Vrijspel (KB)</discipline>
            <tsp>40</tsp>
        </player>
        <player>
            <order>R</order>
            <lic>3400</lic>
            <name>Herk van, Sjaak</name>
            <discipline>Vrijspel (KB)</discipline>
            <tsp>40</tsp>
        </player>
        <player>
            <order>R</order>
            <lic>3224</lic>
            <name>Heel van, Jordi</name>
            <discipline>Drieband (KB)</discipline>
            <tsp>20</tsp>
        </player>
        <player>
            <order>R</order>
            <lic>897</lic>
            <name>Schuren, Ger</name>
            <discipline>Vrijspel (KB)</discipline>
            <tsp>45</tsp>
        </player>
        <player>
            <order>9</order>
            <lic>887</lic>
            <name>Evers, Rudy</name>
            <discipline>Drieband</discipline>
            <tsp>40</tsp>
        </player>
        <player>
            <order>R</order>
            <lic>898</lic>
            <name>Habes, Laurens</name>
            <discipline>Drieband (KB)</discipline>
            <tsp>38</tsp>
        </player>
        <player>
            <order>R</order>
            <lic>778</lic>
            <name>Schuren, Ruud</name>
            <discipline>Vrijspel (KB)</discipline>
            <tsp>70</tsp>
        </player>
        <player>
            <order>R</order>
            <lic>888</lic>
            <name>Heijnen, Jos</name>
            <discipline>Vrijspel (KB)</discipline>
            <tsp>45</tsp>
        </player>
        <player>
            <order>R</order>
            <lic>878</lic>
            <name>Cloudt, Ot</name>
            <discipline>Vrijspel (KB)</discipline>
            <tsp>55</tsp>
        </player>
        <player>
            <order>R</order>
            <lic>900</lic>
            <name>Corbey, Gerrit</name>
            <discipline>Vrijspel (KB)</discipline>
            <tsp>65</tsp>
        </player>
        <player>
            <order>R</order>
            <lic>3911</lic>
            <name>Heijnen, Huub</name>
            <discipline>Vrijspel (KB)</discipline>
            <tsp>40</tsp>
        </player>
    </team>
    <team>
        <name>JOPPE 5</name>
        <fixedplayers>14:15:16:17:</fixedplayers>
        <player>
            <order>4</order>
            <lic>3560</lic>
            <name>Thijssen, Piet</name>
            <discipline>Vrijspel (KB)</discipline>
            <tsp>150</tsp>
        </player>
        <player>
            <order>1</order>
            <lic>450</lic>
            <name>Weerden v.d., Chris   (LGH1)</name>
            <discipline>Vrijspel (KB)</discipline>
            <tsp>300</tsp>
        </player>
        <player>
            <order>14</order>
            <lic>452</lic>
            <name>Engels, Leon</name>
            <discipline>Vrijspel (KB)</discipline>
            <tsp>50</tsp>
        </player>
        <player>
            <order>R</order>
            <lic>871</lic>
            <name>Leenders, Karel</name>
            <discipline>Vrijspel (KB)</discipline>
            <tsp>50</tsp>
        </player>
        <player>
            <order>R</order>
            <lic>432</lic>
            <name>Koopmans, John   (LGH1)</name>
            <discipline>Vrijspel (KB)</discipline>
            <tsp>280</tsp>
        </player>
        <player>
            <order>9</order>
            <lic>433</lic>
            <name>Beijers, Jan</name>
            <discipline>Vrijspel (KB)</discipline>
            <tsp>75</tsp>
        </player>
        <player>
            <order>6</order>
            <lic>874</lic>
            <name>Vissers, Joep</name>
            <discipline>Vrijspel (KB)</discipline>
            <tsp>80</tsp>
        </player>
        <player>
            <order>12</order>
            <lic>3434</lic>
            <name>Beerens, Christian</name>
            <discipline>Vrijspel (KB)</discipline>
            <tsp>45</tsp>
        </player>
        <player>
            <order>15</order>
            <lic>412</lic>
            <name>Heugten van, Engelien</name>
            <discipline>Vrijspel (KB)</discipline>
            <tsp>40</tsp>
        </player>
        <player>
            <order>2</order>
            <lic>2520</lic>
            <name>Tijssen, Frans</name>
            <discipline>Vrijspel (KB)</discipline>
            <tsp>155</tsp>
        </player>
        <player>
            <order>R</order>
            <lic>1475</lic>
            <name>Liebregts, Jan   (LGH2)</name>
            <discipline>Vrijspel (KB)</discipline>
            <tsp>300</tsp>
        </player>
        <player>
            <order>10</order>
            <lic>3476</lic>
            <name>Heugten van, Ren_</name>
            <discipline>Vrijspel (KB)</discipline>
            <tsp>60</tsp>
        </player>
        <player>
            <order>R</order>
            <lic>414</lic>
            <name>Basten, Piet</name>
            <discipline>Vrijspel (KB)</discipline>
            <tsp>55</tsp>
        </player>
        <player>
            <order>R</order>
            <lic>417</lic>
            <name>Berben, Wilbert</name>
            <discipline>Vrijspel (KB)</discipline>
            <tsp>60</tsp>
        </player>
        <player>
            <order>R</order>
            <lic>2708</lic>
            <name>Luijten, Pieter</name>
            <discipline>Vrijspel (KB)</discipline>
            <tsp>55</tsp>
        </player>
        <player>
            <order>3</order>
            <lic>2707</lic>
            <name>Karis, Ger</name>
            <discipline>Vrijspel (KB)</discipline>
            <tsp>135</tsp>
        </player>
        <player>
            <order>11</order>
            <lic>3776</lic>
            <name>Lemmens, Math</name>
            <discipline>Vrijspel (KB)</discipline>
            <tsp>50</tsp>
        </player>
        <player>
            <order>R</order>
            <lic>419</lic>
            <name>Ewalts, Ad</name>
            <discipline>Vrijspel (KB)</discipline>
            <tsp>125</tsp>
        </player>
        <player>
            <order>R</order>
            <lic>859</lic>
            <name>Vissenberg, Ruud</name>
            <discipline>Vrijspel (KB)</discipline>
            <tsp>65</tsp>
        </player>
        <player>
            <order>R</order>
            <lic>3419</lic>
            <name>Cuypers, Sjeng</name>
            <discipline>Vrijspel (KB)</discipline>
            <tsp>205</tsp>
        </player>
        <player>
            <order>R</order>
            <lic>2869</lic>
            <name>Bruin de, Leon</name>
            <discipline>Vrijspel (KB)</discipline>
            <tsp>55</tsp>
        </player>
        <player>
            <order>8</order>
            <lic>3397</lic>
            <name>Janssen, Mark</name>
            <discipline>Vrijspel (KB)</discipline>
            <tsp>80</tsp>
        </player>
        <player>
            <order>R</order>
            <lic>2120</lic>
            <name>Eijk van, Gerard</name>
            <discipline>Vrijspel (KB)</discipline>
            <tsp>85</tsp>
        </player>
        <player>
            <order>16</order>
            <lic>420</lic>
            <name>Martens, Truus</name>
            <discipline>Vrijspel (KB)</discipline>
            <tsp>40</tsp>
        </player>
        <player>
            <order>R</order>
            <lic>422</lic>
            <name>Ewalts, Johan</name>
            <discipline>Vrijspel (KB)</discipline>
            <tsp>55</tsp>
        </player>
        <player>
            <order>5</order>
            <lic>3269</lic>
            <name>Gartsen, Krijn</name>
            <discipline>Vrijspel (KB)</discipline>
            <tsp>110</tsp>
        </player>
        <player>
            <order>17</order>
            <lic>1981</lic>
            <name>Strijbos, Frans</name>
            <discipline>Vrijspel (KB)</discipline>
            <tsp>33</tsp>
        </player>
        <player>
            <order>R</order>
            <lic>424</lic>
            <name>Dijk van, Had</name>
            <discipline>Vrijspel (KB)</discipline>
            <tsp>45</tsp>
        </player>
        <player>
            <order>7</order>
            <lic>428</lic>
            <name>Heugten van, Jan</name>
            <discipline>Vrijspel (KB)</discipline>
            <tsp>85</tsp>
        </player>
        <player>
            <order>R</order>
            <lic>429</lic>
            <name>Klein-Zieverink, Jan</name>
            <discipline>Vrijspel (KB)</discipline>
            <tsp>85</tsp>
        </player>
        <player>
            <order>13</order>
            <lic>3843</lic>
            <name>Strijbos, John</name>
            <discipline>Vrijspel (KB)</discipline>
            <tsp>45</tsp>
        </player>
        <player>
            <order>R</order>
            <lic>2956</lic>
            <name>Trines, Wim</name>
            <discipline>Vrijspel (KB)</discipline>
            <tsp>45</tsp>
        </player>
    </team>
    <team>
        <name>ANEKERK-MOFERT 2</name>
        <fixedplayers>5:6:7:8:</fixedplayers>
        <player>
            <order>R</order>
            <lic>3870</lic>
            <name>Aartsen, Rob</name>
            <discipline>Vrijspel (KB)</discipline>
            <tsp>29</tsp>
        </player>
        <player>
            <order>R</order>
            <lic>3871</lic>
            <name>Clout, Erik</name>
            <discipline>Vrijspel (KB)</discipline>
            <tsp>29</tsp>
        </player>
        <player>
            <order>2</order>
            <lic>3176</lic>
            <name>Weber, Frans</name>
            <discipline>Vrijspel (KB)</discipline>
            <tsp>55</tsp>
        </player>
        <player>
            <order>3</order>
            <lic>1173</lic>
            <name>Weber, Sjef</name>
            <discipline>Vrijspel (KB)</discipline>
            <tsp>50</tsp>
        </player>
        <player>
            <order>R</order>
            <lic>3913</lic>
            <name>Geraads, Mart</name>
            <discipline>Vrijspel (KB)</discipline>
            <tsp>29</tsp>
        </player>
        <player>
            <order>R</order>
            <lic>3118</lic>
            <name>Zeegers, Henk</name>
            <discipline>Vrijspel (KB)</discipline>
            <tsp>40</tsp>
        </player>
        <player>
            <order>7</order>
            <lic>3872</lic>
            <name>Hermans, Bart</name>
            <discipline>Vrijspel (KB)</discipline>
            <tsp>40</tsp>
        </player>
        <player>
            <order>5</order>
            <lic>3873</lic>
            <name>Jeurissen, Ed</name>
            <discipline>Vrijspel (KB)</discipline>
            <tsp>65</tsp>
        </player>
        <player>
            <order>1</order>
            <lic>2829</lic>
            <name>Schoenmakers, Rens</name>
            <discipline>Vrijspel (KB)</discipline>
            <tsp>65</tsp>
        </player>
        <player>
            <order>6</order>
            <lic>3874</lic>
            <name>Liepertz, Edwin</name>
            <discipline>Vrijspel (KB)</discipline>
            <tsp>40</tsp>
        </player>
        <player>
            <order>R</order>
            <lic>3875</lic>
            <name>Smeets, Arno</name>
            <discipline>Vrijspel (KB)</discipline>
            <tsp>29</tsp>
        </player>
        <player>
            <order>8</order>
            <lic>3876</lic>
            <name>Spelthan, Jos</name>
            <discipline>Vrijspel (KB)</discipline>
            <tsp>29</tsp>
        </player>
        <player>
            <order>4</order>
            <lic>3607</lic>
            <name>Schoenmakers, Terry</name>
            <discipline>Vrijspel (KB)</discipline>
            <tsp>40</tsp>
        </player>
    </team>
    <team>
        <name>MEIJEL 3</name>
        <fixedplayers>8:9:10:11:</fixedplayers>
        <player>
            <order>R</order>
            <lic>2122</lic>
            <name>Meulendijks, Carlo</name>
            <discipline>Drieband (KB)</discipline>
            <tsp>16</tsp>
        </player>
        <player>
            <order>R</order>
            <lic>3198</lic>
            <name>Geerlings, Thijs</name>
            <discipline>Drieband (KB)</discipline>
            <tsp>18</tsp>
        </player>
        <player>
            <order>11</order>
            <lic>2197</lic>
            <name>Janssen, Willie</name>
            <discipline>Vrijspel (KB)</discipline>
            <tsp>40</tsp>
        </player>
        <player>
            <order>17</order>
            <lic>2196</lic>
            <name>Goossens, Eric</name>
            <discipline>Vrijspel (KB)</discipline>
            <tsp>18</tsp>
        </player>
        <player>
            <order>5</order>
            <lic>680</lic>
            <name>Peeters, Wiel</name>
            <discipline>Vrijspel (KB)</discipline>
            <tsp>55</tsp>
        </player>
        <player>
            <order>2</order>
            <lic>1767</lic>
            <name>Driessen, Will</name>
            <discipline>Vrijspel (KB)</discipline>
            <tsp>85</tsp>
        </player>
        <player>
            <order>R</order>
            <lic>3208</lic>
            <name>Lieshout van, Martijn</name>
            <discipline>Vrijspel (KB)</discipline>
            <tsp>45</tsp>
        </player>
        <player>
            <order>R</order>
            <lic>2317</lic>
            <name>Hikspoors, Henk</name>
            <discipline>Vrijspel (KB)</discipline>
            <tsp>50</tsp>
        </player>
        <player>
            <order>R</order>
            <lic>673</lic>
            <name>Doensen, Jo</name>
            <discipline>Drieband (KB)</discipline>
            <tsp>20</tsp>
        </player>
        <player>
            <order>R</order>
            <lic>674</lic>
            <name>Joosten, Piet</name>
            <discipline>Vrijspel (KB)</discipline>
            <tsp>75</tsp>
        </player>
        <player>
            <order>R</order>
            <lic>686</lic>
            <name>Verbugt, Jan</name>
            <discipline>Drieband (KB)</discipline>
            <tsp>20</tsp>
        </player>
        <player>
            <order>14</order>
            <lic>675</lic>
            <name>Kruijs v.d., Henk</name>
            <discipline>Vrijspel (KB)</discipline>
            <tsp>22</tsp>
        </player>
        <player>
            <order>1</order>
            <lic>676</lic>
            <name>Lansbergen, Henk</name>
            <discipline>Vrijspel (KB)</discipline>
            <tsp>105</tsp>
        </player>
        <player>
            <order>7</order>
            <lic>687</lic>
            <name>Vullings, Huub</name>
            <discipline>Vrijspel (KB)</discipline>
            <tsp>50</tsp>
        </player>
        <player>
            <order>12</order>
            <lic>874</lic>
            <name>Vissers, Joep</name>
            <discipline>Vrijspel (KB)</discipline>
            <tsp>26</tsp>
        </player>
        <player>
            <order>R</order>
            <lic>3058</lic>
            <name>Beuningen van, Toon</name>
            <discipline>Vrijspel (KB)</discipline>
            <tsp>65</tsp>
        </player>
        <player>
            <order>R</order>
            <lic>2708</lic>
            <name>Luijten, Pieter</name>
            <discipline>Drieband (KB)</discipline>
            <tsp>24</tsp>
        </player>
        <player>
            <order>R</order>
            <lic>946</lic>
            <name>Slaats, Leo</name>
            <discipline>Drieband (KB)</discipline>
            <tsp>18</tsp>
        </player>
        <player>
            <order>10</order>
            <lic>3832</lic>
            <name>Drink op den, Erik</name>
            <discipline>Vrijspel (KB)</discipline>
            <tsp>40</tsp>
        </player>
        <player>
            <order>R</order>
            <lic>3833</lic>
            <name>Nijssen, Jan</name>
            <discipline>Vrijspel (KB)</discipline>
            <tsp>21</tsp>
        </player>
        <player>
            <order>R</order>
            <lic>939</lic>
            <name>Heugten van, Ton</name>
            <discipline>Drieband (KB)</discipline>
            <tsp>20</tsp>
        </player>
    </team>
    <team>
        <name>KLUMPKE 'T 5</name>
        <fixedplayers>16:17:18:19:</fixedplayers>
        <player>
            <order>R</order>
            <lic>3881</lic>
            <name>D_renberg, Sef</name>
            <discipline>Vrijspel (KB)</discipline>
            <tsp>29</tsp>
        </player>
        <player>
            <order>2</order>
            <lic>395</lic>
            <name>Engelen, Pierre</name>
            <discipline>Vrijspel (KB)</discipline>
            <tsp>85</tsp>
        </player>
        <player>
            <order>R</order>
            <lic>397</lic>
            <name>Gommans, Cor</name>
            <discipline>Vrijspel (KB)</discipline>
            <tsp>50</tsp>
        </player>
        <player>
            <order>R</order>
            <lic>2987</lic>
            <name>Vaessen, Ger</name>
            <discipline>Vrijspel (KB)</discipline>
            <tsp>70</tsp>
        </player>
        <player>
            <order>3</order>
            <lic>510</lic>
            <name>Dingelstad, Louis</name>
            <discipline>Vrijspel (KB)</discipline>
            <tsp>80</tsp>
        </player>
        <player>
            <order>12</order>
            <lic>3457</lic>
            <name>Cretz, Patrick</name>
            <discipline>Vrijspel (KB)</discipline>
            <tsp>50</tsp>
        </player>
        <player>
            <order>5</order>
            <lic>1751</lic>
            <name>Quicken, Huub</name>
            <discipline>Vrijspel (KB)</discipline>
            <tsp>65</tsp>
        </player>
        <player>
            <order>4</order>
            <lic>413</lic>
            <name>Weynen, Jos</name>
            <discipline>Vrijspel (KB)</discipline>
            <tsp>65</tsp>
        </player>
        <player>
            <order>6</order>
            <lic>512</lic>
            <name>Eggels, Jac</name>
            <discipline>Vrijspel (KB)</discipline>
            <tsp>65</tsp>
        </player>
        <player>
            <order>R</order>
            <lic>516</lic>
            <name>Lai, Giorgio</name>
            <discipline>Vrijspel (KB)</discipline>
            <tsp>50</tsp>
        </player>
        <player>
            <order>R</order>
            <lic>94</lic>
            <name>Peters, Andr_</name>
            <discipline>Vrijspel (KB)</discipline>
            <tsp>85</tsp>
        </player>
        <player>
            <order>R</order>
            <lic>1129</lic>
            <name>Slabbers, Wiel</name>
            <discipline>Vrijspel (KB)</discipline>
            <tsp>45</tsp>
        </player>
        <player>
            <order>1</order>
            <lic>1744</lic>
            <name>Geerlings, Mat</name>
            <discipline>Vrijspel (KB)</discipline>
            <tsp>100</tsp>
        </player>
        <player>
            <order>8</order>
            <lic>2830</lic>
            <name>Jordan, Michael</name>
            <discipline>Vrijspel (KB)</discipline>
            <tsp>60</tsp>
        </player>
        <player>
            <order>R</order>
            <lic>400</lic>
            <name>Heynen, Tuur</name>
            <discipline>Vrijspel (KB)</discipline>
            <tsp>70</tsp>
        </player>
        <player>
            <order>17</order>
            <lic>2213</lic>
            <name>Kuijpers, Henk</name>
            <discipline>Vrijspel (KB)</discipline>
            <tsp>40</tsp>
        </player>
        <player>
            <order>R</order>
            <lic>522</lic>
            <name>Ridderbecks, Henk</name>
            <discipline>Vrijspel (KB)</discipline>
            <tsp>65</tsp>
        </player>
        <player>
            <order>9</order>
            <lic>1860</lic>
            <name>Kotschi, Walter</name>
            <discipline>Vrijspel (KB)</discipline>
            <tsp>60</tsp>
        </player>
        <player>
            <order>23</order>
            <lic>2794</lic>
            <name>Slabbers, Gerda</name>
            <discipline>Vrijspel (KB)</discipline>
            <tsp>25</tsp>
        </player>
        <player>
            <order>13</order>
            <lic>525</lic>
            <name>Bie de, Rinus</name>
            <discipline>Vrijspel (KB)</discipline>
            <tsp>45</tsp>
        </player>
        <player>
            <order>14</order>
            <lic>3663</lic>
            <name>Schaefer, Theo</name>
            <discipline>Vrijspel (KB)</discipline>
            <tsp>45</tsp>
        </player>
        <player>
            <order>18</order>
            <lic>3861</lic>
            <name>Pansters, Ronny</name>
            <discipline>Vrijspel (KB)</discipline>
            <tsp>25</tsp>
        </player>
        <player>
            <order>7</order>
            <lic>505</lic>
            <name>Beckers, Joep</name>
            <discipline>Vrijspel (KB)</discipline>
            <tsp>60</tsp>
        </player>
        <player>
            <order>15</order>
            <lic>3765</lic>
            <name>Schmeitz, Miranda</name>
            <discipline>Vrijspel (KB)</discipline>
            <tsp>27</tsp>
        </player>
        <player>
            <order>R</order>
            <lic>2717</lic>
            <name>Vintcent, Marc</name>
            <discipline>Vrijspel (KB)</discipline>
            <tsp>125</tsp>
        </player>
    </team>
</competition>
